category,city,town,month,metric,source_station_count,source_station_codes,source_station_names,raw_station_values_mm,raw_average_mm,processed_value,processed_unit,processed_method,source_name,source_url,data_status
water,苗栗縣,苗栗市,2025-01,rainfall,1,C0E750,苗栗,苗栗(C0E750)=23.5,23.5,23.5,mm,以同一鄉鎮內中央氣象署 CODiS 2025 年月報表測站「降水量」取平均，作為該地區月累積雨量；未對無測站地區進行推估。,中央氣象署 CODiS / 現存測站清單,https://codis.cwa.gov.tw/ ; https://hdps.cwa.gov.tw/static/state.html,完整
water,苗栗縣,苗栗市,2025-02,rainfall,1,C0E750,苗栗,苗栗(C0E750)=70,70.0,70.0,mm,以同一鄉鎮內中央氣象署 CODiS 2025 年月報表測站「降水量」取平均，作為該地區月累積雨量；未對無測站地區進行推估。,中央氣象署 CODiS / 現存測站清單,https://codis.cwa.gov.tw/ ; https://hdps.cwa.gov.tw/static/state.html,完整
water,苗栗縣,苗栗市,2025-03,rainfall,1,C0E750,苗栗,苗栗(C0E750)=244,244.0,244.0,mm,以同一鄉鎮內中央氣象署 CODiS 2025 年月報表測站「降水量」取平均，作為該地區月累積雨量；未對無測站地區進行推估。,中央氣象署 CODiS / 現存測站清單,https://codis.cwa.gov.tw/ ; https://hdps.cwa.gov.tw/static/state.html,完整
water,苗栗縣,苗栗市,2025-04,rainfall,1,C0E750,苗栗,苗栗(C0E750)=145.5,145.5,145.5,mm,以同一鄉鎮內中央氣象署 CODiS 2025 年月報表測站「降水量」取平均，作為該地區月累積雨量；未對無測站地區進行推估。,中央氣象署 CODiS / 現存測站清單,https://codis.cwa.gov.tw/ ; https://hdps.cwa.gov.tw/static/state.html,完整
water,苗栗縣,苗栗市,2025-05,rainfall,1,C0E750,苗栗,苗栗(C0E750)=275,275.0,275.0,mm,以同一鄉鎮內中央氣象署 CODiS 2025 年月報表測站「降水量」取平均，作為該地區月累積雨量；未對無測站地區進行推估。,中央氣象署 CODiS / 現存測站清單,https://codis.cwa.gov.tw/ ; https://hdps.cwa.gov.tw/static/state.html,完整
water,苗栗縣,苗栗市,2025-06,rainfall,1,C0E750,苗栗,苗栗(C0E750)=93.5,93.5,93.5,mm,以同一鄉鎮內中央氣象署 CODiS 2025 年月報表測站「降水量」取平均，作為該地區月累積雨量；未對無測站地區進行推估。,中央氣象署 CODiS / 現存測站清單,https://codis.cwa.gov.tw/ ; https://hdps.cwa.gov.tw/static/state.html,完整
water,苗栗縣,苗栗市,2025-07,rainfall,1,C0E750,苗栗,苗栗(C0E750)=543,543.0,543.0,mm,以同一鄉鎮內中央氣象署 CODiS 2025 年月報表測站「降水量」取平均，作為該地區月累積雨量；未對無測站地區進行推估。,中央氣象署 CODiS / 現存測站清單,https://codis.cwa.gov.tw/ ; https://hdps.cwa.gov.tw/static/state.html,完整
water,苗栗縣,苗栗市,2025-08,rainfall,1,C0E750,苗栗,苗栗(C0E750)=58.5,58.5,58.5,mm,以同一鄉鎮內中央氣象署 CODiS 2025 年月報表測站「降水量」取平均，作為該地區月累積雨量；未對無測站地區進行推估。,中央氣象署 CODiS / 現存測站清單,https://codis.cwa.gov.tw/ ; https://hdps.cwa.gov.tw/static/state.html,完整
water,苗栗縣,苗栗市,2025-09,rainfall,1,C0E750,苗栗,苗栗(C0E750)=113,113.0,113.0,mm,以同一鄉鎮內中央氣象署 CODiS 2025 年月報表測站「降水量」取平均，作為該地區月累積雨量；未對無測站地區進行推估。,中央氣象署 CODiS / 現存測站清單,https://codis.cwa.gov.tw/ ; https://hdps.cwa.gov.tw/static/state.html,完整
water,苗栗縣,苗栗市,2025-10,rainfall,1,C0E750,苗栗,苗栗(C0E750)=42.5,42.5,42.5,mm,以同一鄉鎮內中央氣象署 CODiS 2025 年月報表測站「降水量」取平均，作為該地區月累積雨量；未對無測站地區進行推估。,中央氣象署 CODiS / 現存測站清單,https://codis.cwa.gov.tw/ ; https://hdps.cwa.gov.tw/static/state.html,完整
water,苗栗縣,苗栗市,2025-11,rainfall,1,C0E750,苗栗,苗栗(C0E750)=30,30.0,30.0,mm,以同一鄉鎮內中央氣象署 CODiS 2025 年月報表測站「降水量」取平均，作為該地區月累積雨量；未對無測站地區進行推估。,中央氣象署 CODiS / 現存測站清單,https://codis.cwa.gov.tw/ ; https://hdps.cwa.gov.tw/static/state.html,完整
water,苗栗縣,苗栗市,2025-12,rainfall,1,C0E750,苗栗,苗栗(C0E750)=2,2.0,2.0,mm,以同一鄉鎮內中央氣象署 CODiS 2025 年月報表測站「降水量」取平均，作為該地區月累積雨量；未對無測站地區進行推估。,中央氣象署 CODiS / 現存測站清單,https://codis.cwa.gov.tw/ ; https://hdps.cwa.gov.tw/static/state.html,完整
water,苗栗縣,頭份市,2025-01,rainfall,1,C0E730,頭份,頭份(C0E730)=31.5,31.5,31.5,mm,以同一鄉鎮內中央氣象署 CODiS 2025 年月報表測站「降水量」取平均，作為該地區月累積雨量；未對無測站地區進行推估。,中央氣象署 CODiS / 現存測站清單,https://codis.cwa.gov.tw/ ; https://hdps.cwa.gov.tw/static/state.html,完整
water,苗栗縣,頭份市,2025-02,rainfall,1,C0E730,頭份,頭份(C0E730)=65.5,65.5,65.5,mm,以同一鄉鎮內中央氣象署 CODiS 2025 年月報表測站「降水量」取平均，作為該地區月累積雨量；未對無測站地區進行推估。,中央氣象署 CODiS / 現存測站清單,https://codis.cwa.gov.tw/ ; https://hdps.cwa.gov.tw/static/state.html,完整
water,苗栗縣,頭份市,2025-03,rainfall,1,C0E730,頭份,頭份(C0E730)=256.5,256.5,256.5,mm,以同一鄉鎮內中央氣象署 CODiS 2025 年月報表測站「降水量」取平均，作為該地區月累積雨量；未對無測站地區進行推估。,中央氣象署 CODiS / 現存測站清單,https://codis.cwa.gov.tw/ ; https://hdps.cwa.gov.tw/static/state.html,完整
water,苗栗縣,頭份市,2025-04,rainfall,1,C0E730,頭份,頭份(C0E730)=179.5,179.5,179.5,mm,以同一鄉鎮內中央氣象署 CODiS 2025 年月報表測站「降水量」取平均，作為該地區月累積雨量；未對無測站地區進行推估。,中央氣象署 CODiS / 現存測站清單,https://codis.cwa.gov.tw/ ; https://hdps.cwa.gov.tw/static/state.html,完整
water,苗栗縣,頭份市,2025-05,rainfall,1,C0E730,頭份,頭份(C0E730)=308.5,308.5,308.5,mm,以同一鄉鎮內中央氣象署 CODiS 2025 年月報表測站「降水量」取平均，作為該地區月累積雨量；未對無測站地區進行推估。,中央氣象署 CODiS / 現存測站清單,https://codis.cwa.gov.tw/ ; https://hdps.cwa.gov.tw/static/state.html,完整
water,苗栗縣,頭份市,2025-06,rainfall,1,C0E730,頭份,頭份(C0E730)=150.5,150.5,150.5,mm,以同一鄉鎮內中央氣象署 CODiS 2025 年月報表測站「降水量」取平均，作為該地區月累積雨量；未對無測站地區進行推估。,中央氣象署 CODiS / 現存測站清單,https://codis.cwa.gov.tw/ ; https://hdps.cwa.gov.tw/static/state.html,完整
water,苗栗縣,頭份市,2025-07,rainfall,1,C0E730,頭份,頭份(C0E730)=535,535.0,535.0,mm,以同一鄉鎮內中央氣象署 CODiS 2025 年月報表測站「降水量」取平均，作為該地區月累積雨量；未對無測站地區進行推估。,中央氣象署 CODiS / 現存測站清單,https://codis.cwa.gov.tw/ ; https://hdps.cwa.gov.tw/static/state.html,完整
water,苗栗縣,頭份市,2025-08,rainfall,1,C0E730,頭份,頭份(C0E730)=24,24.0,24.0,mm,以同一鄉鎮內中央氣象署 CODiS 2025 年月報表測站「降水量」取平均，作為該地區月累積雨量；未對無測站地區進行推估。,中央氣象署 CODiS / 現存測站清單,https://codis.cwa.gov.tw/ ; https://hdps.cwa.gov.tw/static/state.html,完整
water,苗栗縣,頭份市,2025-09,rainfall,1,C0E730,頭份,頭份(C0E730)=64.5,64.5,64.5,mm,以同一鄉鎮內中央氣象署 CODiS 2025 年月報表測站「降水量」取平均，作為該地區月累積雨量；未對無測站地區進行推估。,中央氣象署 CODiS / 現存測站清單,https://codis.cwa.gov.tw/ ; https://hdps.cwa.gov.tw/static/state.html,完整
water,苗栗縣,頭份市,2025-10,rainfall,1,C0E730,頭份,頭份(C0E730)=100,100.0,100.0,mm,以同一鄉鎮內中央氣象署 CODiS 2025 年月報表測站「降水量」取平均，作為該地區月累積雨量；未對無測站地區進行推估。,中央氣象署 CODiS / 現存測站清單,https://codis.cwa.gov.tw/ ; https://hdps.cwa.gov.tw/static/state.html,完整
water,苗栗縣,頭份市,2025-11,rainfall,1,C0E730,頭份,頭份(C0E730)=16,16.0,16.0,mm,以同一鄉鎮內中央氣象署 CODiS 2025 年月報表測站「降水量」取平均，作為該地區月累積雨量；未對無測站地區進行推估。,中央氣象署 CODiS / 現存測站清單,https://codis.cwa.gov.tw/ ; https://hdps.cwa.gov.tw/static/state.html,完整
water,苗栗縣,頭份市,2025-12,rainfall,1,C0E730,頭份,頭份(C0E730)=7,7.0,7.0,mm,以同一鄉鎮內中央氣象署 CODiS 2025 年月報表測站「降水量」取平均，作為該地區月累積雨量；未對無測站地區進行推估。,中央氣象署 CODiS / 現存測站清單,https://codis.cwa.gov.tw/ ; https://hdps.cwa.gov.tw/static/state.html,完整
water,苗栗縣,竹南鎮,2025-01,rainfall,1,C0E930,龍鳳,龍鳳(C0E930)=19,19.0,19.0,mm,以同一鄉鎮內中央氣象署 CODiS 2025 年月報表測站「降水量」取平均，作為該地區月累積雨量；未對無測站地區進行推估。,中央氣象署 CODiS / 現存測站清單,https://codis.cwa.gov.tw/ ; https://hdps.cwa.gov.tw/static/state.html,完整
water,苗栗縣,竹南鎮,2025-02,rainfall,1,C0E930,龍鳳,龍鳳(C0E930)=57,57.0,57.0,mm,以同一鄉鎮內中央氣象署 CODiS 2025 年月報表測站「降水量」取平均，作為該地區月累積雨量；未對無測站地區進行推估。,中央氣象署 CODiS / 現存測站清單,https://codis.cwa.gov.tw/ ; https://hdps.cwa.gov.tw/static/state.html,完整
water,苗栗縣,竹南鎮,2025-03,rainfall,1,C0E930,龍鳳,龍鳳(C0E930)=237,237.0,237.0,mm,以同一鄉鎮內中央氣象署 CODiS 2025 年月報表測站「降水量」取平均，作為該地區月累積雨量；未對無測站地區進行推估。,中央氣象署 CODiS / 現存測站清單,https://codis.cwa.gov.tw/ ; https://hdps.cwa.gov.tw/static/state.html,完整
water,苗栗縣,竹南鎮,2025-04,rainfall,1,C0E930,龍鳳,龍鳳(C0E930)=145,145.0,145.0,mm,以同一鄉鎮內中央氣象署 CODiS 2025 年月報表測站「降水量」取平均，作為該地區月累積雨量；未對無測站地區進行推估。,中央氣象署 CODiS / 現存測站清單,https://codis.cwa.gov.tw/ ; https://hdps.cwa.gov.tw/static/state.html,完整
water,苗栗縣,竹南鎮,2025-05,rainfall,1,C0E930,龍鳳,龍鳳(C0E930)=285,285.0,285.0,mm,以同一鄉鎮內中央氣象署 CODiS 2025 年月報表測站「降水量」取平均，作為該地區月累積雨量；未對無測站地區進行推估。,中央氣象署 CODiS / 現存測站清單,https://codis.cwa.gov.tw/ ; https://hdps.cwa.gov.tw/static/state.html,完整
water,苗栗縣,竹南鎮,2025-06,rainfall,1,C0E930,龍鳳,龍鳳(C0E930)=84.5,84.5,84.5,mm,以同一鄉鎮內中央氣象署 CODiS 2025 年月報表測站「降水量」取平均，作為該地區月累積雨量；未對無測站地區進行推估。,中央氣象署 CODiS / 現存測站清單,https://codis.cwa.gov.tw/ ; https://hdps.cwa.gov.tw/static/state.html,完整
water,苗栗縣,竹南鎮,2025-07,rainfall,1,C0E930,龍鳳,龍鳳(C0E930)=554.5,554.5,554.5,mm,以同一鄉鎮內中央氣象署 CODiS 2025 年月報表測站「降水量」取平均，作為該地區月累積雨量；未對無測站地區進行推估。,中央氣象署 CODiS / 現存測站清單,https://codis.cwa.gov.tw/ ; https://hdps.cwa.gov.tw/static/state.html,完整
water,苗栗縣,竹南鎮,2025-08,rainfall,1,C0E930,龍鳳,龍鳳(C0E930)=15,15.0,15.0,mm,以同一鄉鎮內中央氣象署 CODiS 2025 年月報表測站「降水量」取平均，作為該地區月累積雨量；未對無測站地區進行推估。,中央氣象署 CODiS / 現存測站清單,https://codis.cwa.gov.tw/ ; https://hdps.cwa.gov.tw/static/state.html,完整
water,苗栗縣,竹南鎮,2025-09,rainfall,1,C0E930,龍鳳,龍鳳(C0E930)=35,35.0,35.0,mm,以同一鄉鎮內中央氣象署 CODiS 2025 年月報表測站「降水量」取平均，作為該地區月累積雨量；未對無測站地區進行推估。,中央氣象署 CODiS / 現存測站清單,https://codis.cwa.gov.tw/ ; https://hdps.cwa.gov.tw/static/state.html,完整
water,苗栗縣,竹南鎮,2025-10,rainfall,1,C0E930,龍鳳,龍鳳(C0E930)=70.5,70.5,70.5,mm,以同一鄉鎮內中央氣象署 CODiS 2025 年月報表測站「降水量」取平均，作為該地區月累積雨量；未對無測站地區進行推估。,中央氣象署 CODiS / 現存測站清單,https://codis.cwa.gov.tw/ ; https://hdps.cwa.gov.tw/static/state.html,完整
water,苗栗縣,竹南鎮,2025-11,rainfall,1,C0E930,龍鳳,龍鳳(C0E930)=10,10.0,10.0,mm,以同一鄉鎮內中央氣象署 CODiS 2025 年月報表測站「降水量」取平均，作為該地區月累積雨量；未對無測站地區進行推估。,中央氣象署 CODiS / 現存測站清單,https://codis.cwa.gov.tw/ ; https://hdps.cwa.gov.tw/static/state.html,完整
water,苗栗縣,竹南鎮,2025-12,rainfall,1,C0E930,龍鳳,龍鳳(C0E930)=1.5,1.5,1.5,mm,以同一鄉鎮內中央氣象署 CODiS 2025 年月報表測站「降水量」取平均，作為該地區月累積雨量；未對無測站地區進行推估。,中央氣象署 CODiS / 現存測站清單,https://codis.cwa.gov.tw/ ; https://hdps.cwa.gov.tw/static/state.html,完整
water,苗栗縣,後龍鎮,2025-01,rainfall,3,C0E870;C0E910;C1E601,高鐵苗栗;海埔;南勢,高鐵苗栗(C0E870)=22.5;海埔(C0E910)=18.5;南勢(C1E601)=19.5,20.17,20.17,mm,以同一鄉鎮內中央氣象署 CODiS 2025 年月報表測站「降水量」取平均，作為該地區月累積雨量；未對無測站地區進行推估。,中央氣象署 CODiS / 現存測站清單,https://codis.cwa.gov.tw/ ; https://hdps.cwa.gov.tw/static/state.html,完整
water,苗栗縣,後龍鎮,2025-02,rainfall,3,C0E870;C0E910;C1E601,高鐵苗栗;海埔;南勢,高鐵苗栗(C0E870)=61.5;海埔(C0E910)=49.5;南勢(C1E601)=52.5,54.5,54.5,mm,以同一鄉鎮內中央氣象署 CODiS 2025 年月報表測站「降水量」取平均，作為該地區月累積雨量；未對無測站地區進行推估。,中央氣象署 CODiS / 現存測站清單,https://codis.cwa.gov.tw/ ; https://hdps.cwa.gov.tw/static/state.html,完整
water,苗栗縣,後龍鎮,2025-03,rainfall,3,C0E870;C0E910;C1E601,高鐵苗栗;海埔;南勢,高鐵苗栗(C0E870)=242;海埔(C0E910)=190.5;南勢(C1E601)=229,220.5,220.5,mm,以同一鄉鎮內中央氣象署 CODiS 2025 年月報表測站「降水量」取平均，作為該地區月累積雨量；未對無測站地區進行推估。,中央氣象署 CODiS / 現存測站清單,https://codis.cwa.gov.tw/ ; https://hdps.cwa.gov.tw/static/state.html,完整
water,苗栗縣,後龍鎮,2025-04,rainfall,3,C0E870;C0E910;C1E601,高鐵苗栗;海埔;南勢,高鐵苗栗(C0E870)=166.5;海埔(C0E910)=151;南勢(C1E601)=139,152.17,152.17,mm,以同一鄉鎮內中央氣象署 CODiS 2025 年月報表測站「降水量」取平均，作為該地區月累積雨量；未對無測站地區進行推估。,中央氣象署 CODiS / 現存測站清單,https://codis.cwa.gov.tw/ ; https://hdps.cwa.gov.tw/static/state.html,完整
water,苗栗縣,後龍鎮,2025-05,rainfall,3,C0E870;C0E910;C1E601,高鐵苗栗;海埔;南勢,高鐵苗栗(C0E870)=267.5;海埔(C0E910)=271;南勢(C1E601)=268,268.83,268.83,mm,以同一鄉鎮內中央氣象署 CODiS 2025 年月報表測站「降水量」取平均，作為該地區月累積雨量；未對無測站地區進行推估。,中央氣象署 CODiS / 現存測站清單,https://codis.cwa.gov.tw/ ; https://hdps.cwa.gov.tw/static/state.html,完整
water,苗栗縣,後龍鎮,2025-06,rainfall,3,C0E870;C0E910;C1E601,高鐵苗栗;海埔;南勢,高鐵苗栗(C0E870)=92.5;海埔(C0E910)=67.5;南勢(C1E601)=73.5,77.83,77.83,mm,以同一鄉鎮內中央氣象署 CODiS 2025 年月報表測站「降水量」取平均，作為該地區月累積雨量；未對無測站地區進行推估。,中央氣象署 CODiS / 現存測站清單,https://codis.cwa.gov.tw/ ; https://hdps.cwa.gov.tw/static/state.html,完整
water,苗栗縣,後龍鎮,2025-07,rainfall,3,C0E870;C0E910;C1E601,高鐵苗栗;海埔;南勢,高鐵苗栗(C0E870)=567;海埔(C0E910)=642.5;南勢(C1E601)=605.5,605.0,605.0,mm,以同一鄉鎮內中央氣象署 CODiS 2025 年月報表測站「降水量」取平均，作為該地區月累積雨量；未對無測站地區進行推估。,中央氣象署 CODiS / 現存測站清單,https://codis.cwa.gov.tw/ ; https://hdps.cwa.gov.tw/static/state.html,完整
water,苗栗縣,後龍鎮,2025-08,rainfall,3,C0E870;C0E910;C1E601,高鐵苗栗;海埔;南勢,高鐵苗栗(C0E870)=57;海埔(C0E910)=18;南勢(C1E601)=51.5,42.17,42.17,mm,以同一鄉鎮內中央氣象署 CODiS 2025 年月報表測站「降水量」取平均，作為該地區月累積雨量；未對無測站地區進行推估。,中央氣象署 CODiS / 現存測站清單,https://codis.cwa.gov.tw/ ; https://hdps.cwa.gov.tw/static/state.html,完整
water,苗栗縣,後龍鎮,2025-09,rainfall,3,C0E870;C0E910;C1E601,高鐵苗栗;海埔;南勢,高鐵苗栗(C0E870)=80.5;海埔(C0E910)=47;南勢(C1E601)=70.5,66.0,66.0,mm,以同一鄉鎮內中央氣象署 CODiS 2025 年月報表測站「降水量」取平均，作為該地區月累積雨量；未對無測站地區進行推估。,中央氣象署 CODiS / 現存測站清單,https://codis.cwa.gov.tw/ ; https://hdps.cwa.gov.tw/static/state.html,完整
water,苗栗縣,後龍鎮,2025-10,rainfall,3,C0E870;C0E910;C1E601,高鐵苗栗;海埔;南勢,高鐵苗栗(C0E870)=53;海埔(C0E910)=42;南勢(C1E601)=29.5,41.5,41.5,mm,以同一鄉鎮內中央氣象署 CODiS 2025 年月報表測站「降水量」取平均，作為該地區月累積雨量；未對無測站地區進行推估。,中央氣象署 CODiS / 現存測站清單,https://codis.cwa.gov.tw/ ; https://hdps.cwa.gov.tw/static/state.html,完整
water,苗栗縣,後龍鎮,2025-11,rainfall,3,C0E870;C0E910;C1E601,高鐵苗栗;海埔;南勢,高鐵苗栗(C0E870)=27;海埔(C0E910)=10.5;南勢(C1E601)=27.5,21.67,21.67,mm,以同一鄉鎮內中央氣象署 CODiS 2025 年月報表測站「降水量」取平均，作為該地區月累積雨量；未對無測站地區進行推估。,中央氣象署 CODiS / 現存測站清單,https://codis.cwa.gov.tw/ ; https://hdps.cwa.gov.tw/static/state.html,完整
water,苗栗縣,後龍鎮,2025-12,rainfall,3,C0E870;C0E910;C1E601,高鐵苗栗;海埔;南勢,高鐵苗栗(C0E870)=2;海埔(C0E910)=0.5;南勢(C1E601)=1.5,1.33,1.33,mm,以同一鄉鎮內中央氣象署 CODiS 2025 年月報表測站「降水量」取平均，作為該地區月累積雨量；未對無測站地區進行推估。,中央氣象署 CODiS / 現存測站清單,https://codis.cwa.gov.tw/ ; https://hdps.cwa.gov.tw/static/state.html,完整
water,苗栗縣,通霄鎮,2025-01,rainfall,2,C0E590;C0E920,通霄;通霄漁港,通霄(C0E590)=24;通霄漁港(C0E920)=13.5,18.75,18.75,mm,以同一鄉鎮內中央氣象署 CODiS 2025 年月報表測站「降水量」取平均，作為該地區月累積雨量；未對無測站地區進行推估。,中央氣象署 CODiS / 現存測站清單,https://codis.cwa.gov.tw/ ; https://hdps.cwa.gov.tw/static/state.html,完整
water,苗栗縣,通霄鎮,2025-02,rainfall,3,C0E570;C0E590;C0E920,白沙屯;通霄;通霄漁港,白沙屯(C0E570)=45;通霄(C0E590)=62;通霄漁港(C0E920)=54,53.67,53.67,mm,以同一鄉鎮內中央氣象署 CODiS 2025 年月報表測站「降水量」取平均，作為該地區月累積雨量；未對無測站地區進行推估。,中央氣象署 CODiS / 現存測站清單,https://codis.cwa.gov.tw/ ; https://hdps.cwa.gov.tw/static/state.html,完整
water,苗栗縣,通霄鎮,2025-03,rainfall,3,C0E570;C0E590;C0E920,白沙屯;通霄;通霄漁港,白沙屯(C0E570)=202.5;通霄(C0E590)=188;通霄漁港(C0E920)=150,180.17,180.17,mm,以同一鄉鎮內中央氣象署 CODiS 2025 年月報表測站「降水量」取平均，作為該地區月累積雨量；未對無測站地區進行推估。,中央氣象署 CODiS / 現存測站清單,https://codis.cwa.gov.tw/ ; https://hdps.cwa.gov.tw/static/state.html,完整
water,苗栗縣,通霄鎮,2025-04,rainfall,3,C0E570;C0E590;C0E920,白沙屯;通霄;通霄漁港,白沙屯(C0E570)=118.5;通霄(C0E590)=136;通霄漁港(C0E920)=118,124.17,124.17,mm,以同一鄉鎮內中央氣象署 CODiS 2025 年月報表測站「降水量」取平均，作為該地區月累積雨量；未對無測站地區進行推估。,中央氣象署 CODiS / 現存測站清單,https://codis.cwa.gov.tw/ ; https://hdps.cwa.gov.tw/static/state.html,完整
water,苗栗縣,通霄鎮,2025-05,rainfall,3,C0E570;C0E590;C0E920,白沙屯;通霄;通霄漁港,白沙屯(C0E570)=227.5;通霄(C0E590)=254;通霄漁港(C0E920)=227.5,236.33,236.33,mm,以同一鄉鎮內中央氣象署 CODiS 2025 年月報表測站「降水量」取平均，作為該地區月累積雨量；未對無測站地區進行推估。,中央氣象署 CODiS / 現存測站清單,https://codis.cwa.gov.tw/ ; https://hdps.cwa.gov.tw/static/state.html,完整
water,苗栗縣,通霄鎮,2025-06,rainfall,3,C0E570;C0E590;C0E920,白沙屯;通霄;通霄漁港,白沙屯(C0E570)=58;通霄(C0E590)=90;通霄漁港(C0E920)=60.5,69.5,69.5,mm,以同一鄉鎮內中央氣象署 CODiS 2025 年月報表測站「降水量」取平均，作為該地區月累積雨量；未對無測站地區進行推估。,中央氣象署 CODiS / 現存測站清單,https://codis.cwa.gov.tw/ ; https://hdps.cwa.gov.tw/static/state.html,完整
water,苗栗縣,通霄鎮,2025-07,rainfall,3,C0E570;C0E590;C0E920,白沙屯;通霄;通霄漁港,白沙屯(C0E570)=580;通霄(C0E590)=642;通霄漁港(C0E920)=623.5,615.17,615.17,mm,以同一鄉鎮內中央氣象署 CODiS 2025 年月報表測站「降水量」取平均，作為該地區月累積雨量；未對無測站地區進行推估。,中央氣象署 CODiS / 現存測站清單,https://codis.cwa.gov.tw/ ; https://hdps.cwa.gov.tw/static/state.html,完整
water,苗栗縣,通霄鎮,2025-08,rainfall,3,C0E570;C0E590;C0E920,白沙屯;通霄;通霄漁港,白沙屯(C0E570)=34;通霄(C0E590)=87;通霄漁港(C0E920)=69.5,63.5,63.5,mm,以同一鄉鎮內中央氣象署 CODiS 2025 年月報表測站「降水量」取平均，作為該地區月累積雨量；未對無測站地區進行推估。,中央氣象署 CODiS / 現存測站清單,https://codis.cwa.gov.tw/ ; https://hdps.cwa.gov.tw/static/state.html,完整
water,苗栗縣,通霄鎮,2025-09,rainfall,3,C0E570;C0E590;C0E920,白沙屯;通霄;通霄漁港,白沙屯(C0E570)=63;通霄(C0E590)=71;通霄漁港(C0E920)=72,68.67,68.67,mm,以同一鄉鎮內中央氣象署 CODiS 2025 年月報表測站「降水量」取平均，作為該地區月累積雨量；未對無測站地區進行推估。,中央氣象署 CODiS / 現存測站清單,https://codis.cwa.gov.tw/ ; https://hdps.cwa.gov.tw/static/state.html,完整
water,苗栗縣,通霄鎮,2025-10,rainfall,3,C0E570;C0E590;C0E920,白沙屯;通霄;通霄漁港,白沙屯(C0E570)=27.5;通霄(C0E590)=31;通霄漁港(C0E920)=17.5,25.33,25.33,mm,以同一鄉鎮內中央氣象署 CODiS 2025 年月報表測站「降水量」取平均，作為該地區月累積雨量；未對無測站地區進行推估。,中央氣象署 CODiS / 現存測站清單,https://codis.cwa.gov.tw/ ; https://hdps.cwa.gov.tw/static/state.html,完整
water,苗栗縣,通霄鎮,2025-11,rainfall,3,C0E570;C0E590;C0E920,白沙屯;通霄;通霄漁港,白沙屯(C0E570)=22;通霄(C0E590)=29;通霄漁港(C0E920)=18,23.0,23.0,mm,以同一鄉鎮內中央氣象署 CODiS 2025 年月報表測站「降水量」取平均，作為該地區月累積雨量；未對無測站地區進行推估。,中央氣象署 CODiS / 現存測站清單,https://codis.cwa.gov.tw/ ; https://hdps.cwa.gov.tw/static/state.html,完整
water,苗栗縣,通霄鎮,2025-12,rainfall,3,C0E570;C0E590;C0E920,白沙屯;通霄;通霄漁港,白沙屯(C0E570)=1;通霄(C0E590)=2;通霄漁港(C0E920)=1.5,1.5,1.5,mm,以同一鄉鎮內中央氣象署 CODiS 2025 年月報表測站「降水量」取平均，作為該地區月累積雨量；未對無測站地區進行推估。,中央氣象署 CODiS / 現存測站清單,https://codis.cwa.gov.tw/ ; https://hdps.cwa.gov.tw/static/state.html,完整
water,苗栗縣,苑裡鎮,2025-01,rainfall,1,C0E830,苑裡,苑裡(C0E830)=14,14.0,14.0,mm,以同一鄉鎮內中央氣象署 CODiS 2025 年月報表測站「降水量」取平均，作為該地區月累積雨量；未對無測站地區進行推估。,中央氣象署 CODiS / 現存測站清單,https://codis.cwa.gov.tw/ ; https://hdps.cwa.gov.tw/static/state.html,完整
water,苗栗縣,苑裡鎮,2025-02,rainfall,1,C0E830,苑裡,苑裡(C0E830)=53.5,53.5,53.5,mm,以同一鄉鎮內中央氣象署 CODiS 2025 年月報表測站「降水量」取平均，作為該地區月累積雨量；未對無測站地區進行推估。,中央氣象署 CODiS / 現存測站清單,https://codis.cwa.gov.tw/ ; https://hdps.cwa.gov.tw/static/state.html,完整
water,苗栗縣,苑裡鎮,2025-03,rainfall,1,C0E830,苑裡,苑裡(C0E830)=160.5,160.5,160.5,mm,以同一鄉鎮內中央氣象署 CODiS 2025 年月報表測站「降水量」取平均，作為該地區月累積雨量；未對無測站地區進行推估。,中央氣象署 CODiS / 現存測站清單,https://codis.cwa.gov.tw/ ; https://hdps.cwa.gov.tw/static/state.html,完整
water,苗栗縣,苑裡鎮,2025-04,rainfall,1,C0E830,苑裡,苑裡(C0E830)=136.5,136.5,136.5,mm,以同一鄉鎮內中央氣象署 CODiS 2025 年月報表測站「降水量」取平均，作為該地區月累積雨量；未對無測站地區進行推估。,中央氣象署 CODiS / 現存測站清單,https://codis.cwa.gov.tw/ ; https://hdps.cwa.gov.tw/static/state.html,完整
water,苗栗縣,苑裡鎮,2025-05,rainfall,1,C0E830,苑裡,苑裡(C0E830)=212.5,212.5,212.5,mm,以同一鄉鎮內中央氣象署 CODiS 2025 年月報表測站「降水量」取平均，作為該地區月累積雨量；未對無測站地區進行推估。,中央氣象署 CODiS / 現存測站清單,https://codis.cwa.gov.tw/ ; https://hdps.cwa.gov.tw/static/state.html,完整
water,苗栗縣,苑裡鎮,2025-06,rainfall,1,C0E830,苑裡,苑裡(C0E830)=64,64.0,64.0,mm,以同一鄉鎮內中央氣象署 CODiS 2025 年月報表測站「降水量」取平均，作為該地區月累積雨量；未對無測站地區進行推估。,中央氣象署 CODiS / 現存測站清單,https://codis.cwa.gov.tw/ ; https://hdps.cwa.gov.tw/static/state.html,完整
water,苗栗縣,苑裡鎮,2025-07,rainfall,1,C0E830,苑裡,苑裡(C0E830)=753,753.0,753.0,mm,以同一鄉鎮內中央氣象署 CODiS 2025 年月報表測站「降水量」取平均，作為該地區月累積雨量；未對無測站地區進行推估。,中央氣象署 CODiS / 現存測站清單,https://codis.cwa.gov.tw/ ; https://hdps.cwa.gov.tw/static/state.html,完整
water,苗栗縣,苑裡鎮,2025-08,rainfall,1,C0E830,苑裡,苑裡(C0E830)=98,98.0,98.0,mm,以同一鄉鎮內中央氣象署 CODiS 2025 年月報表測站「降水量」取平均，作為該地區月累積雨量；未對無測站地區進行推估。,中央氣象署 CODiS / 現存測站清單,https://codis.cwa.gov.tw/ ; https://hdps.cwa.gov.tw/static/state.html,完整
water,苗栗縣,苑裡鎮,2025-09,rainfall,1,C0E830,苑裡,苑裡(C0E830)=58.5,58.5,58.5,mm,以同一鄉鎮內中央氣象署 CODiS 2025 年月報表測站「降水量」取平均，作為該地區月累積雨量；未對無測站地區進行推估。,中央氣象署 CODiS / 現存測站清單,https://codis.cwa.gov.tw/ ; https://hdps.cwa.gov.tw/static/state.html,完整
water,苗栗縣,苑裡鎮,2025-10,rainfall,1,C0E830,苑裡,苑裡(C0E830)=29,29.0,29.0,mm,以同一鄉鎮內中央氣象署 CODiS 2025 年月報表測站「降水量」取平均，作為該地區月累積雨量；未對無測站地區進行推估。,中央氣象署 CODiS / 現存測站清單,https://codis.cwa.gov.tw/ ; https://hdps.cwa.gov.tw/static/state.html,完整
water,苗栗縣,苑裡鎮,2025-11,rainfall,1,C0E830,苑裡,苑裡(C0E830)=8.5,8.5,8.5,mm,以同一鄉鎮內中央氣象署 CODiS 2025 年月報表測站「降水量」取平均，作為該地區月累積雨量；未對無測站地區進行推估。,中央氣象署 CODiS / 現存測站清單,https://codis.cwa.gov.tw/ ; https://hdps.cwa.gov.tw/static/state.html,完整
water,苗栗縣,苑裡鎮,2025-12,rainfall,1,C0E830,苑裡,苑裡(C0E830)=1,1.0,1.0,mm,以同一鄉鎮內中央氣象署 CODiS 2025 年月報表測站「降水量」取平均，作為該地區月累積雨量；未對無測站地區進行推估。,中央氣象署 CODiS / 現存測站清單,https://codis.cwa.gov.tw/ ; https://hdps.cwa.gov.tw/static/state.html,完整
water,苗栗縣,卓蘭鎮,2025-01,rainfall,1,C0E791,卓蘭,卓蘭(C0E791)=29.5,29.5,29.5,mm,以同一鄉鎮內中央氣象署 CODiS 2025 年月報表測站「降水量」取平均，作為該地區月累積雨量；未對無測站地區進行推估。,中央氣象署 CODiS / 現存測站清單,https://codis.cwa.gov.tw/ ; https://hdps.cwa.gov.tw/static/state.html,完整
water,苗栗縣,卓蘭鎮,2025-02,rainfall,1,C0E791,卓蘭,卓蘭(C0E791)=70,70.0,70.0,mm,以同一鄉鎮內中央氣象署 CODiS 2025 年月報表測站「降水量」取平均，作為該地區月累積雨量；未對無測站地區進行推估。,中央氣象署 CODiS / 現存測站清單,https://codis.cwa.gov.tw/ ; https://hdps.cwa.gov.tw/static/state.html,完整
water,苗栗縣,卓蘭鎮,2025-03,rainfall,1,C0E791,卓蘭,卓蘭(C0E791)=180.5,180.5,180.5,mm,以同一鄉鎮內中央氣象署 CODiS 2025 年月報表測站「降水量」取平均，作為該地區月累積雨量；未對無測站地區進行推估。,中央氣象署 CODiS / 現存測站清單,https://codis.cwa.gov.tw/ ; https://hdps.cwa.gov.tw/static/state.html,完整
water,苗栗縣,卓蘭鎮,2025-04,rainfall,1,C0E791,卓蘭,卓蘭(C0E791)=107.5,107.5,107.5,mm,以同一鄉鎮內中央氣象署 CODiS 2025 年月報表測站「降水量」取平均，作為該地區月累積雨量；未對無測站地區進行推估。,中央氣象署 CODiS / 現存測站清單,https://codis.cwa.gov.tw/ ; https://hdps.cwa.gov.tw/static/state.html,完整
water,苗栗縣,卓蘭鎮,2025-05,rainfall,1,C0E791,卓蘭,卓蘭(C0E791)=267.5,267.5,267.5,mm,以同一鄉鎮內中央氣象署 CODiS 2025 年月報表測站「降水量」取平均，作為該地區月累積雨量；未對無測站地區進行推估。,中央氣象署 CODiS / 現存測站清單,https://codis.cwa.gov.tw/ ; https://hdps.cwa.gov.tw/static/state.html,完整
water,苗栗縣,卓蘭鎮,2025-06,rainfall,1,C0E791,卓蘭,卓蘭(C0E791)=287,287.0,287.0,mm,以同一鄉鎮內中央氣象署 CODiS 2025 年月報表測站「降水量」取平均，作為該地區月累積雨量；未對無測站地區進行推估。,中央氣象署 CODiS / 現存測站清單,https://codis.cwa.gov.tw/ ; https://hdps.cwa.gov.tw/static/state.html,完整
water,苗栗縣,卓蘭鎮,2025-07,rainfall,1,C0E791,卓蘭,卓蘭(C0E791)=914,914.0,914.0,mm,以同一鄉鎮內中央氣象署 CODiS 2025 年月報表測站「降水量」取平均，作為該地區月累積雨量；未對無測站地區進行推估。,中央氣象署 CODiS / 現存測站清單,https://codis.cwa.gov.tw/ ; https://hdps.cwa.gov.tw/static/state.html,完整
water,苗栗縣,卓蘭鎮,2025-08,rainfall,1,C0E791,卓蘭,卓蘭(C0E791)=306.5,306.5,306.5,mm,以同一鄉鎮內中央氣象署 CODiS 2025 年月報表測站「降水量」取平均，作為該地區月累積雨量；未對無測站地區進行推估。,中央氣象署 CODiS / 現存測站清單,https://codis.cwa.gov.tw/ ; https://hdps.cwa.gov.tw/static/state.html,完整
water,苗栗縣,卓蘭鎮,2025-09,rainfall,1,C0E791,卓蘭,卓蘭(C0E791)=250,250.0,250.0,mm,以同一鄉鎮內中央氣象署 CODiS 2025 年月報表測站「降水量」取平均，作為該地區月累積雨量；未對無測站地區進行推估。,中央氣象署 CODiS / 現存測站清單,https://codis.cwa.gov.tw/ ; https://hdps.cwa.gov.tw/static/state.html,完整
water,苗栗縣,卓蘭鎮,2025-10,rainfall,1,C0E791,卓蘭,卓蘭(C0E791)=22,22.0,22.0,mm,以同一鄉鎮內中央氣象署 CODiS 2025 年月報表測站「降水量」取平均，作為該地區月累積雨量；未對無測站地區進行推估。,中央氣象署 CODiS / 現存測站清單,https://codis.cwa.gov.tw/ ; https://hdps.cwa.gov.tw/static/state.html,完整
water,苗栗縣,卓蘭鎮,2025-11,rainfall,1,C0E791,卓蘭,卓蘭(C0E791)=6,6.0,6.0,mm,以同一鄉鎮內中央氣象署 CODiS 2025 年月報表測站「降水量」取平均，作為該地區月累積雨量；未對無測站地區進行推估。,中央氣象署 CODiS / 現存測站清單,https://codis.cwa.gov.tw/ ; https://hdps.cwa.gov.tw/static/state.html,完整
water,苗栗縣,卓蘭鎮,2025-12,rainfall,1,C0E791,卓蘭,卓蘭(C0E791)=3,3.0,3.0,mm,以同一鄉鎮內中央氣象署 CODiS 2025 年月報表測站「降水量」取平均，作為該地區月累積雨量；未對無測站地區進行推估。,中央氣象署 CODiS / 現存測站清單,https://codis.cwa.gov.tw/ ; https://hdps.cwa.gov.tw/static/state.html,完整
water,苗栗縣,大湖鄉,2025-01,rainfall,3,C1E511;C1E691;C1E711,新開;南湖;馬拉邦山,新開(C1E511)=0;南湖(C1E691)=25;馬拉邦山(C1E711)=41,22.0,22.0,mm,以同一鄉鎮內中央氣象署 CODiS 2025 年月報表測站「降水量」取平均，作為該地區月累積雨量；未對無測站地區進行推估。,中央氣象署 CODiS / 現存測站清單,https://codis.cwa.gov.tw/ ; https://hdps.cwa.gov.tw/static/state.html,完整
water,苗栗縣,大湖鄉,2025-02,rainfall,3,C1E511;C1E691;C1E711,新開;南湖;馬拉邦山,新開(C1E511)=0;南湖(C1E691)=79;馬拉邦山(C1E711)=89.5,56.17,56.17,mm,以同一鄉鎮內中央氣象署 CODiS 2025 年月報表測站「降水量」取平均，作為該地區月累積雨量；未對無測站地區進行推估。,中央氣象署 CODiS / 現存測站清單,https://codis.cwa.gov.tw/ ; https://hdps.cwa.gov.tw/static/state.html,完整
water,苗栗縣,大湖鄉,2025-03,rainfall,3,C1E511;C1E691;C1E711,新開;南湖;馬拉邦山,新開(C1E511)=0;南湖(C1E691)=187;馬拉邦山(C1E711)=244,143.67,143.67,mm,以同一鄉鎮內中央氣象署 CODiS 2025 年月報表測站「降水量」取平均，作為該地區月累積雨量；未對無測站地區進行推估。,中央氣象署 CODiS / 現存測站清單,https://codis.cwa.gov.tw/ ; https://hdps.cwa.gov.tw/static/state.html,完整
water,苗栗縣,大湖鄉,2025-04,rainfall,3,C1E511;C1E691;C1E711,新開;南湖;馬拉邦山,新開(C1E511)=0;南湖(C1E691)=108.5;馬拉邦山(C1E711)=139.5,82.67,82.67,mm,以同一鄉鎮內中央氣象署 CODiS 2025 年月報表測站「降水量」取平均，作為該地區月累積雨量；未對無測站地區進行推估。,中央氣象署 CODiS / 現存測站清單,https://codis.cwa.gov.tw/ ; https://hdps.cwa.gov.tw/static/state.html,完整
water,苗栗縣,大湖鄉,2025-05,rainfall,3,C1E511;C1E691;C1E711,新開;南湖;馬拉邦山,新開(C1E511)=0;南湖(C1E691)=343;馬拉邦山(C1E711)=314.5,219.17,219.17,mm,以同一鄉鎮內中央氣象署 CODiS 2025 年月報表測站「降水量」取平均，作為該地區月累積雨量；未對無測站地區進行推估。,中央氣象署 CODiS / 現存測站清單,https://codis.cwa.gov.tw/ ; https://hdps.cwa.gov.tw/static/state.html,完整
water,苗栗縣,大湖鄉,2025-06,rainfall,3,C1E511;C1E691;C1E711,新開;南湖;馬拉邦山,新開(C1E511)=0;南湖(C1E691)=153.5;馬拉邦山(C1E711)=298.5,150.67,150.67,mm,以同一鄉鎮內中央氣象署 CODiS 2025 年月報表測站「降水量」取平均，作為該地區月累積雨量；未對無測站地區進行推估。,中央氣象署 CODiS / 現存測站清單,https://codis.cwa.gov.tw/ ; https://hdps.cwa.gov.tw/static/state.html,完整
water,苗栗縣,大湖鄉,2025-07,rainfall,3,C1E511;C1E691;C1E711,新開;南湖;馬拉邦山,新開(C1E511)=404;南湖(C1E691)=461.5;馬拉邦山(C1E711)=713.5,526.33,526.33,mm,以同一鄉鎮內中央氣象署 CODiS 2025 年月報表測站「降水量」取平均，作為該地區月累積雨量；未對無測站地區進行推估。,中央氣象署 CODiS / 現存測站清單,https://codis.cwa.gov.tw/ ; https://hdps.cwa.gov.tw/static/state.html,完整
water,苗栗縣,大湖鄉,2025-08,rainfall,3,C1E511;C1E691;C1E711,新開;南湖;馬拉邦山,新開(C1E511)=335.5;南湖(C1E691)=166.5;馬拉邦山(C1E711)=230.5,244.17,244.17,mm,以同一鄉鎮內中央氣象署 CODiS 2025 年月報表測站「降水量」取平均，作為該地區月累積雨量；未對無測站地區進行推估。,中央氣象署 CODiS / 現存測站清單,https://codis.cwa.gov.tw/ ; https://hdps.cwa.gov.tw/static/state.html,完整
water,苗栗縣,大湖鄉,2025-09,rainfall,3,C1E511;C1E691;C1E711,新開;南湖;馬拉邦山,新開(C1E511)=293.5;南湖(C1E691)=309.5;馬拉邦山(C1E711)=274,292.33,292.33,mm,以同一鄉鎮內中央氣象署 CODiS 2025 年月報表測站「降水量」取平均，作為該地區月累積雨量；未對無測站地區進行推估。,中央氣象署 CODiS / 現存測站清單,https://codis.cwa.gov.tw/ ; https://hdps.cwa.gov.tw/static/state.html,完整
water,苗栗縣,大湖鄉,2025-10,rainfall,3,C1E511;C1E691;C1E711,新開;南湖;馬拉邦山,新開(C1E511)=20.5;南湖(C1E691)=37;馬拉邦山(C1E711)=33.5,30.33,30.33,mm,以同一鄉鎮內中央氣象署 CODiS 2025 年月報表測站「降水量」取平均，作為該地區月累積雨量；未對無測站地區進行推估。,中央氣象署 CODiS / 現存測站清單,https://codis.cwa.gov.tw/ ; https://hdps.cwa.gov.tw/static/state.html,完整
water,苗栗縣,大湖鄉,2025-11,rainfall,3,C1E511;C1E691;C1E711,新開;南湖;馬拉邦山,新開(C1E511)=4.5;南湖(C1E691)=10;馬拉邦山(C1E711)=11.5,8.67,8.67,mm,以同一鄉鎮內中央氣象署 CODiS 2025 年月報表測站「降水量」取平均，作為該地區月累積雨量；未對無測站地區進行推估。,中央氣象署 CODiS / 現存測站清單,https://codis.cwa.gov.tw/ ; https://hdps.cwa.gov.tw/static/state.html,完整
water,苗栗縣,大湖鄉,2025-12,rainfall,3,C1E511;C1E691;C1E711,新開;南湖;馬拉邦山,新開(C1E511)=5;南湖(C1E691)=6.5;馬拉邦山(C1E711)=7.5,6.33,6.33,mm,以同一鄉鎮內中央氣象署 CODiS 2025 年月報表測站「降水量」取平均，作為該地區月累積雨量；未對無測站地區進行推估。,中央氣象署 CODiS / 現存測站清單,https://codis.cwa.gov.tw/ ; https://hdps.cwa.gov.tw/static/state.html,完整
water,苗栗縣,公館鄉,2025-01,rainfall,1,C1E770,公館,公館(C1E770)=26.5,26.5,26.5,mm,以同一鄉鎮內中央氣象署 CODiS 2025 年月報表測站「降水量」取平均，作為該地區月累積雨量；未對無測站地區進行推估。,中央氣象署 CODiS / 現存測站清單,https://codis.cwa.gov.tw/ ; https://hdps.cwa.gov.tw/static/state.html,完整
water,苗栗縣,公館鄉,2025-02,rainfall,1,C1E770,公館,公館(C1E770)=79.5,79.5,79.5,mm,以同一鄉鎮內中央氣象署 CODiS 2025 年月報表測站「降水量」取平均，作為該地區月累積雨量；未對無測站地區進行推估。,中央氣象署 CODiS / 現存測站清單,https://codis.cwa.gov.tw/ ; https://hdps.cwa.gov.tw/static/state.html,完整
water,苗栗縣,公館鄉,2025-03,rainfall,1,C1E770,公館,公館(C1E770)=228.5,228.5,228.5,mm,以同一鄉鎮內中央氣象署 CODiS 2025 年月報表測站「降水量」取平均，作為該地區月累積雨量；未對無測站地區進行推估。,中央氣象署 CODiS / 現存測站清單,https://codis.cwa.gov.tw/ ; https://hdps.cwa.gov.tw/static/state.html,完整
water,苗栗縣,公館鄉,2025-04,rainfall,1,C1E770,公館,公館(C1E770)=135.5,135.5,135.5,mm,以同一鄉鎮內中央氣象署 CODiS 2025 年月報表測站「降水量」取平均，作為該地區月累積雨量；未對無測站地區進行推估。,中央氣象署 CODiS / 現存測站清單,https://codis.cwa.gov.tw/ ; https://hdps.cwa.gov.tw/static/state.html,完整
water,苗栗縣,公館鄉,2025-05,rainfall,1,C1E770,公館,公館(C1E770)=287.5,287.5,287.5,mm,以同一鄉鎮內中央氣象署 CODiS 2025 年月報表測站「降水量」取平均，作為該地區月累積雨量；未對無測站地區進行推估。,中央氣象署 CODiS / 現存測站清單,https://codis.cwa.gov.tw/ ; https://hdps.cwa.gov.tw/static/state.html,完整
water,苗栗縣,公館鄉,2025-06,rainfall,1,C1E770,公館,公館(C1E770)=71,71.0,71.0,mm,以同一鄉鎮內中央氣象署 CODiS 2025 年月報表測站「降水量」取平均，作為該地區月累積雨量；未對無測站地區進行推估。,中央氣象署 CODiS / 現存測站清單,https://codis.cwa.gov.tw/ ; https://hdps.cwa.gov.tw/static/state.html,完整
water,苗栗縣,公館鄉,2025-07,rainfall,1,C1E770,公館,公館(C1E770)=544.5,544.5,544.5,mm,以同一鄉鎮內中央氣象署 CODiS 2025 年月報表測站「降水量」取平均，作為該地區月累積雨量；未對無測站地區進行推估。,中央氣象署 CODiS / 現存測站清單,https://codis.cwa.gov.tw/ ; https://hdps.cwa.gov.tw/static/state.html,完整
water,苗栗縣,公館鄉,2025-08,rainfall,1,C1E770,公館,公館(C1E770)=92.5,92.5,92.5,mm,以同一鄉鎮內中央氣象署 CODiS 2025 年月報表測站「降水量」取平均，作為該地區月累積雨量；未對無測站地區進行推估。,中央氣象署 CODiS / 現存測站清單,https://codis.cwa.gov.tw/ ; https://hdps.cwa.gov.tw/static/state.html,完整
water,苗栗縣,公館鄉,2025-09,rainfall,1,C1E770,公館,公館(C1E770)=96,96.0,96.0,mm,以同一鄉鎮內中央氣象署 CODiS 2025 年月報表測站「降水量」取平均，作為該地區月累積雨量；未對無測站地區進行推估。,中央氣象署 CODiS / 現存測站清單,https://codis.cwa.gov.tw/ ; https://hdps.cwa.gov.tw/static/state.html,完整
water,苗栗縣,公館鄉,2025-10,rainfall,1,C1E770,公館,公館(C1E770)=36,36.0,36.0,mm,以同一鄉鎮內中央氣象署 CODiS 2025 年月報表測站「降水量」取平均，作為該地區月累積雨量；未對無測站地區進行推估。,中央氣象署 CODiS / 現存測站清單,https://codis.cwa.gov.tw/ ; https://hdps.cwa.gov.tw/static/state.html,完整
water,苗栗縣,公館鄉,2025-11,rainfall,1,C1E770,公館,公館(C1E770)=13,13.0,13.0,mm,以同一鄉鎮內中央氣象署 CODiS 2025 年月報表測站「降水量」取平均，作為該地區月累積雨量；未對無測站地區進行推估。,中央氣象署 CODiS / 現存測站清單,https://codis.cwa.gov.tw/ ; https://hdps.cwa.gov.tw/static/state.html,完整
water,苗栗縣,公館鄉,2025-12,rainfall,1,C1E770,公館,公館(C1E770)=1,1.0,1.0,mm,以同一鄉鎮內中央氣象署 CODiS 2025 年月報表測站「降水量」取平均，作為該地區月累積雨量；未對無測站地區進行推估。,中央氣象署 CODiS / 現存測站清單,https://codis.cwa.gov.tw/ ; https://hdps.cwa.gov.tw/static/state.html,完整
water,苗栗縣,銅鑼鄉,2025-01,rainfall,1,C0E780,銅鑼,銅鑼(C0E780)=16.5,16.5,16.5,mm,以同一鄉鎮內中央氣象署 CODiS 2025 年月報表測站「降水量」取平均，作為該地區月累積雨量；未對無測站地區進行推估。,中央氣象署 CODiS / 現存測站清單,https://codis.cwa.gov.tw/ ; https://hdps.cwa.gov.tw/static/state.html,完整
water,苗栗縣,銅鑼鄉,2025-02,rainfall,1,C0E780,銅鑼,銅鑼(C0E780)=83.5,83.5,83.5,mm,以同一鄉鎮內中央氣象署 CODiS 2025 年月報表測站「降水量」取平均，作為該地區月累積雨量；未對無測站地區進行推估。,中央氣象署 CODiS / 現存測站清單,https://codis.cwa.gov.tw/ ; https://hdps.cwa.gov.tw/static/state.html,完整
water,苗栗縣,銅鑼鄉,2025-03,rainfall,1,C0E780,銅鑼,銅鑼(C0E780)=225.5,225.5,225.5,mm,以同一鄉鎮內中央氣象署 CODiS 2025 年月報表測站「降水量」取平均，作為該地區月累積雨量；未對無測站地區進行推估。,中央氣象署 CODiS / 現存測站清單,https://codis.cwa.gov.tw/ ; https://hdps.cwa.gov.tw/static/state.html,完整
water,苗栗縣,銅鑼鄉,2025-04,rainfall,1,C0E780,銅鑼,銅鑼(C0E780)=125,125.0,125.0,mm,以同一鄉鎮內中央氣象署 CODiS 2025 年月報表測站「降水量」取平均，作為該地區月累積雨量；未對無測站地區進行推估。,中央氣象署 CODiS / 現存測站清單,https://codis.cwa.gov.tw/ ; https://hdps.cwa.gov.tw/static/state.html,完整
water,苗栗縣,銅鑼鄉,2025-05,rainfall,1,C0E780,銅鑼,銅鑼(C0E780)=288.5,288.5,288.5,mm,以同一鄉鎮內中央氣象署 CODiS 2025 年月報表測站「降水量」取平均，作為該地區月累積雨量；未對無測站地區進行推估。,中央氣象署 CODiS / 現存測站清單,https://codis.cwa.gov.tw/ ; https://hdps.cwa.gov.tw/static/state.html,完整
water,苗栗縣,銅鑼鄉,2025-06,rainfall,1,C0E780,銅鑼,銅鑼(C0E780)=89,89.0,89.0,mm,以同一鄉鎮內中央氣象署 CODiS 2025 年月報表測站「降水量」取平均，作為該地區月累積雨量；未對無測站地區進行推估。,中央氣象署 CODiS / 現存測站清單,https://codis.cwa.gov.tw/ ; https://hdps.cwa.gov.tw/static/state.html,完整
water,苗栗縣,銅鑼鄉,2025-07,rainfall,1,C0E780,銅鑼,銅鑼(C0E780)=507.5,507.5,507.5,mm,以同一鄉鎮內中央氣象署 CODiS 2025 年月報表測站「降水量」取平均，作為該地區月累積雨量；未對無測站地區進行推估。,中央氣象署 CODiS / 現存測站清單,https://codis.cwa.gov.tw/ ; https://hdps.cwa.gov.tw/static/state.html,完整
water,苗栗縣,銅鑼鄉,2025-08,rainfall,1,C0E780,銅鑼,銅鑼(C0E780)=79.5,79.5,79.5,mm,以同一鄉鎮內中央氣象署 CODiS 2025 年月報表測站「降水量」取平均，作為該地區月累積雨量；未對無測站地區進行推估。,中央氣象署 CODiS / 現存測站清單,https://codis.cwa.gov.tw/ ; https://hdps.cwa.gov.tw/static/state.html,完整
water,苗栗縣,銅鑼鄉,2025-09,rainfall,1,C0E780,銅鑼,銅鑼(C0E780)=115,115.0,115.0,mm,以同一鄉鎮內中央氣象署 CODiS 2025 年月報表測站「降水量」取平均，作為該地區月累積雨量；未對無測站地區進行推估。,中央氣象署 CODiS / 現存測站清單,https://codis.cwa.gov.tw/ ; https://hdps.cwa.gov.tw/static/state.html,完整
water,苗栗縣,銅鑼鄉,2025-10,rainfall,1,C0E780,銅鑼,銅鑼(C0E780)=37,37.0,37.0,mm,以同一鄉鎮內中央氣象署 CODiS 2025 年月報表測站「降水量」取平均，作為該地區月累積雨量；未對無測站地區進行推估。,中央氣象署 CODiS / 現存測站清單,https://codis.cwa.gov.tw/ ; https://hdps.cwa.gov.tw/static/state.html,完整
water,苗栗縣,銅鑼鄉,2025-11,rainfall,1,C0E780,銅鑼,銅鑼(C0E780)=21.5,21.5,21.5,mm,以同一鄉鎮內中央氣象署 CODiS 2025 年月報表測站「降水量」取平均，作為該地區月累積雨量；未對無測站地區進行推估。,中央氣象署 CODiS / 現存測站清單,https://codis.cwa.gov.tw/ ; https://hdps.cwa.gov.tw/static/state.html,完整
water,苗栗縣,銅鑼鄉,2025-12,rainfall,1,C0E780,銅鑼,銅鑼(C0E780)=3.5,3.5,3.5,mm,以同一鄉鎮內中央氣象署 CODiS 2025 年月報表測站「降水量」取平均，作為該地區月累積雨量；未對無測站地區進行推估。,中央氣象署 CODiS / 現存測站清單,https://codis.cwa.gov.tw/ ; https://hdps.cwa.gov.tw/static/state.html,完整
water,苗栗縣,南庄鄉,2025-01,rainfall,2,C1E480;C1E670,鳳美;南礦,鳳美(C1E480)=72;南礦(C1E670)=70,71.0,71.0,mm,以同一鄉鎮內中央氣象署 CODiS 2025 年月報表測站「降水量」取平均，作為該地區月累積雨量；未對無測站地區進行推估。,中央氣象署 CODiS / 現存測站清單,https://codis.cwa.gov.tw/ ; https://hdps.cwa.gov.tw/static/state.html,完整
water,苗栗縣,南庄鄉,2025-02,rainfall,2,C1E480;C1E670,鳳美;南礦,鳳美(C1E480)=134;南礦(C1E670)=134,134.0,134.0,mm,以同一鄉鎮內中央氣象署 CODiS 2025 年月報表測站「降水量」取平均，作為該地區月累積雨量；未對無測站地區進行推估。,中央氣象署 CODiS / 現存測站清單,https://codis.cwa.gov.tw/ ; https://hdps.cwa.gov.tw/static/state.html,完整
water,苗栗縣,南庄鄉,2025-03,rainfall,2,C1E480;C1E670,鳳美;南礦,鳳美(C1E480)=428;南礦(C1E670)=374,401.0,401.0,mm,以同一鄉鎮內中央氣象署 CODiS 2025 年月報表測站「降水量」取平均，作為該地區月累積雨量；未對無測站地區進行推估。,中央氣象署 CODiS / 現存測站清單,https://codis.cwa.gov.tw/ ; https://hdps.cwa.gov.tw/static/state.html,完整
water,苗栗縣,南庄鄉,2025-04,rainfall,2,C1E480;C1E670,鳳美;南礦,鳳美(C1E480)=235;南礦(C1E670)=214,224.5,224.5,mm,以同一鄉鎮內中央氣象署 CODiS 2025 年月報表測站「降水量」取平均，作為該地區月累積雨量；未對無測站地區進行推估。,中央氣象署 CODiS / 現存測站清單,https://codis.cwa.gov.tw/ ; https://hdps.cwa.gov.tw/static/state.html,完整
water,苗栗縣,南庄鄉,2025-05,rainfall,2,C1E480;C1E670,鳳美;南礦,鳳美(C1E480)=417.5;南礦(C1E670)=454.5,436.0,436.0,mm,以同一鄉鎮內中央氣象署 CODiS 2025 年月報表測站「降水量」取平均，作為該地區月累積雨量；未對無測站地區進行推估。,中央氣象署 CODiS / 現存測站清單,https://codis.cwa.gov.tw/ ; https://hdps.cwa.gov.tw/static/state.html,完整
water,苗栗縣,南庄鄉,2025-06,rainfall,2,C1E480;C1E670,鳳美;南礦,鳳美(C1E480)=223;南礦(C1E670)=341.5,282.25,282.25,mm,以同一鄉鎮內中央氣象署 CODiS 2025 年月報表測站「降水量」取平均，作為該地區月累積雨量；未對無測站地區進行推估。,中央氣象署 CODiS / 現存測站清單,https://codis.cwa.gov.tw/ ; https://hdps.cwa.gov.tw/static/state.html,完整
water,苗栗縣,南庄鄉,2025-07,rainfall,2,C1E480;C1E670,鳳美;南礦,鳳美(C1E480)=446.5;南礦(C1E670)=547,496.75,496.75,mm,以同一鄉鎮內中央氣象署 CODiS 2025 年月報表測站「降水量」取平均，作為該地區月累積雨量；未對無測站地區進行推估。,中央氣象署 CODiS / 現存測站清單,https://codis.cwa.gov.tw/ ; https://hdps.cwa.gov.tw/static/state.html,完整
water,苗栗縣,南庄鄉,2025-08,rainfall,2,C1E480;C1E670,鳳美;南礦,鳳美(C1E480)=148.5;南礦(C1E670)=165,156.75,156.75,mm,以同一鄉鎮內中央氣象署 CODiS 2025 年月報表測站「降水量」取平均，作為該地區月累積雨量；未對無測站地區進行推估。,中央氣象署 CODiS / 現存測站清單,https://codis.cwa.gov.tw/ ; https://hdps.cwa.gov.tw/static/state.html,完整
water,苗栗縣,南庄鄉,2025-09,rainfall,2,C1E480;C1E670,鳳美;南礦,鳳美(C1E480)=159.5;南礦(C1E670)=226.5,193.0,193.0,mm,以同一鄉鎮內中央氣象署 CODiS 2025 年月報表測站「降水量」取平均，作為該地區月累積雨量；未對無測站地區進行推估。,中央氣象署 CODiS / 現存測站清單,https://codis.cwa.gov.tw/ ; https://hdps.cwa.gov.tw/static/state.html,完整
water,苗栗縣,南庄鄉,2025-10,rainfall,2,C1E480;C1E670,鳳美;南礦,鳳美(C1E480)=115.5;南礦(C1E670)=96,105.75,105.75,mm,以同一鄉鎮內中央氣象署 CODiS 2025 年月報表測站「降水量」取平均，作為該地區月累積雨量；未對無測站地區進行推估。,中央氣象署 CODiS / 現存測站清單,https://codis.cwa.gov.tw/ ; https://hdps.cwa.gov.tw/static/state.html,完整
water,苗栗縣,南庄鄉,2025-11,rainfall,2,C1E480;C1E670,鳳美;南礦,鳳美(C1E480)=18;南礦(C1E670)=28.5,23.25,23.25,mm,以同一鄉鎮內中央氣象署 CODiS 2025 年月報表測站「降水量」取平均，作為該地區月累積雨量；未對無測站地區進行推估。,中央氣象署 CODiS / 現存測站清單,https://codis.cwa.gov.tw/ ; https://hdps.cwa.gov.tw/static/state.html,完整
water,苗栗縣,南庄鄉,2025-12,rainfall,2,C1E480;C1E670,鳳美;南礦,鳳美(C1E480)=15;南礦(C1E670)=6.5,10.75,10.75,mm,以同一鄉鎮內中央氣象署 CODiS 2025 年月報表測站「降水量」取平均，作為該地區月累積雨量；未對無測站地區進行推估。,中央氣象署 CODiS / 現存測站清單,https://codis.cwa.gov.tw/ ; https://hdps.cwa.gov.tw/static/state.html,完整
water,苗栗縣,頭屋鄉,2025-01,rainfall,1,C0E550,明德,明德(C0E550)=31.5,31.5,31.5,mm,以同一鄉鎮內中央氣象署 CODiS 2025 年月報表測站「降水量」取平均，作為該地區月累積雨量；未對無測站地區進行推估。,中央氣象署 CODiS / 現存測站清單,https://codis.cwa.gov.tw/ ; https://hdps.cwa.gov.tw/static/state.html,完整
water,苗栗縣,頭屋鄉,2025-02,rainfall,1,C0E550,明德,明德(C0E550)=77,77.0,77.0,mm,以同一鄉鎮內中央氣象署 CODiS 2025 年月報表測站「降水量」取平均，作為該地區月累積雨量；未對無測站地區進行推估。,中央氣象署 CODiS / 現存測站清單,https://codis.cwa.gov.tw/ ; https://hdps.cwa.gov.tw/static/state.html,完整
water,苗栗縣,頭屋鄉,2025-03,rainfall,1,C0E550,明德,明德(C0E550)=264,264.0,264.0,mm,以同一鄉鎮內中央氣象署 CODiS 2025 年月報表測站「降水量」取平均，作為該地區月累積雨量；未對無測站地區進行推估。,中央氣象署 CODiS / 現存測站清單,https://codis.cwa.gov.tw/ ; https://hdps.cwa.gov.tw/static/state.html,完整
water,苗栗縣,頭屋鄉,2025-04,rainfall,1,C0E550,明德,明德(C0E550)=157.5,157.5,157.5,mm,以同一鄉鎮內中央氣象署 CODiS 2025 年月報表測站「降水量」取平均，作為該地區月累積雨量；未對無測站地區進行推估。,中央氣象署 CODiS / 現存測站清單,https://codis.cwa.gov.tw/ ; https://hdps.cwa.gov.tw/static/state.html,完整
water,苗栗縣,頭屋鄉,2025-05,rainfall,1,C0E550,明德,明德(C0E550)=294,294.0,294.0,mm,以同一鄉鎮內中央氣象署 CODiS 2025 年月報表測站「降水量」取平均，作為該地區月累積雨量；未對無測站地區進行推估。,中央氣象署 CODiS / 現存測站清單,https://codis.cwa.gov.tw/ ; https://hdps.cwa.gov.tw/static/state.html,完整
water,苗栗縣,頭屋鄉,2025-06,rainfall,1,C0E550,明德,明德(C0E550)=94,94.0,94.0,mm,以同一鄉鎮內中央氣象署 CODiS 2025 年月報表測站「降水量」取平均，作為該地區月累積雨量；未對無測站地區進行推估。,中央氣象署 CODiS / 現存測站清單,https://codis.cwa.gov.tw/ ; https://hdps.cwa.gov.tw/static/state.html,完整
water,苗栗縣,頭屋鄉,2025-07,rainfall,1,C0E550,明德,明德(C0E550)=461,461.0,461.0,mm,以同一鄉鎮內中央氣象署 CODiS 2025 年月報表測站「降水量」取平均，作為該地區月累積雨量；未對無測站地區進行推估。,中央氣象署 CODiS / 現存測站清單,https://codis.cwa.gov.tw/ ; https://hdps.cwa.gov.tw/static/state.html,完整
water,苗栗縣,頭屋鄉,2025-08,rainfall,1,C0E550,明德,明德(C0E550)=57.5,57.5,57.5,mm,以同一鄉鎮內中央氣象署 CODiS 2025 年月報表測站「降水量」取平均，作為該地區月累積雨量；未對無測站地區進行推估。,中央氣象署 CODiS / 現存測站清單,https://codis.cwa.gov.tw/ ; https://hdps.cwa.gov.tw/static/state.html,完整
water,苗栗縣,頭屋鄉,2025-09,rainfall,1,C0E550,明德,明德(C0E550)=110.5,110.5,110.5,mm,以同一鄉鎮內中央氣象署 CODiS 2025 年月報表測站「降水量」取平均，作為該地區月累積雨量；未對無測站地區進行推估。,中央氣象署 CODiS / 現存測站清單,https://codis.cwa.gov.tw/ ; https://hdps.cwa.gov.tw/static/state.html,完整
water,苗栗縣,頭屋鄉,2025-10,rainfall,1,C0E550,明德,明德(C0E550)=70.5,70.5,70.5,mm,以同一鄉鎮內中央氣象署 CODiS 2025 年月報表測站「降水量」取平均，作為該地區月累積雨量；未對無測站地區進行推估。,中央氣象署 CODiS / 現存測站清單,https://codis.cwa.gov.tw/ ; https://hdps.cwa.gov.tw/static/state.html,完整
water,苗栗縣,頭屋鄉,2025-11,rainfall,1,C0E550,明德,明德(C0E550)=31.5,31.5,31.5,mm,以同一鄉鎮內中央氣象署 CODiS 2025 年月報表測站「降水量」取平均，作為該地區月累積雨量；未對無測站地區進行推估。,中央氣象署 CODiS / 現存測站清單,https://codis.cwa.gov.tw/ ; https://hdps.cwa.gov.tw/static/state.html,完整
water,苗栗縣,頭屋鄉,2025-12,rainfall,1,C0E550,明德,明德(C0E550)=3,3.0,3.0,mm,以同一鄉鎮內中央氣象署 CODiS 2025 年月報表測站「降水量」取平均，作為該地區月累積雨量；未對無測站地區進行推估。,中央氣象署 CODiS / 現存測站清單,https://codis.cwa.gov.tw/ ; https://hdps.cwa.gov.tw/static/state.html,完整
water,苗栗縣,三義鄉,2025-01,rainfall,1,C2E880,三義,三義(C2E880)=29,29.0,29.0,mm,以同一鄉鎮內中央氣象署 CODiS 2025 年月報表測站「降水量」取平均，作為該地區月累積雨量；未對無測站地區進行推估。,中央氣象署 CODiS / 現存測站清單,https://codis.cwa.gov.tw/ ; https://hdps.cwa.gov.tw/static/state.html,完整
water,苗栗縣,三義鄉,2025-02,rainfall,1,C2E880,三義,三義(C2E880)=81.5,81.5,81.5,mm,以同一鄉鎮內中央氣象署 CODiS 2025 年月報表測站「降水量」取平均，作為該地區月累積雨量；未對無測站地區進行推估。,中央氣象署 CODiS / 現存測站清單,https://codis.cwa.gov.tw/ ; https://hdps.cwa.gov.tw/static/state.html,完整
water,苗栗縣,三義鄉,2025-03,rainfall,1,C2E880,三義,三義(C2E880)=177,177.0,177.0,mm,以同一鄉鎮內中央氣象署 CODiS 2025 年月報表測站「降水量」取平均，作為該地區月累積雨量；未對無測站地區進行推估。,中央氣象署 CODiS / 現存測站清單,https://codis.cwa.gov.tw/ ; https://hdps.cwa.gov.tw/static/state.html,完整
water,苗栗縣,三義鄉,2025-04,rainfall,1,C2E880,三義,三義(C2E880)=114.5,114.5,114.5,mm,以同一鄉鎮內中央氣象署 CODiS 2025 年月報表測站「降水量」取平均，作為該地區月累積雨量；未對無測站地區進行推估。,中央氣象署 CODiS / 現存測站清單,https://codis.cwa.gov.tw/ ; https://hdps.cwa.gov.tw/static/state.html,完整
water,苗栗縣,三義鄉,2025-05,rainfall,1,C2E880,三義,三義(C2E880)=300,300.0,300.0,mm,以同一鄉鎮內中央氣象署 CODiS 2025 年月報表測站「降水量」取平均，作為該地區月累積雨量；未對無測站地區進行推估。,中央氣象署 CODiS / 現存測站清單,https://codis.cwa.gov.tw/ ; https://hdps.cwa.gov.tw/static/state.html,完整
water,苗栗縣,三義鄉,2025-06,rainfall,1,C2E880,三義,三義(C2E880)=129,129.0,129.0,mm,以同一鄉鎮內中央氣象署 CODiS 2025 年月報表測站「降水量」取平均，作為該地區月累積雨量；未對無測站地區進行推估。,中央氣象署 CODiS / 現存測站清單,https://codis.cwa.gov.tw/ ; https://hdps.cwa.gov.tw/static/state.html,完整
water,苗栗縣,三義鄉,2025-07,rainfall,1,C2E880,三義,三義(C2E880)=641,641.0,641.0,mm,以同一鄉鎮內中央氣象署 CODiS 2025 年月報表測站「降水量」取平均，作為該地區月累積雨量；未對無測站地區進行推估。,中央氣象署 CODiS / 現存測站清單,https://codis.cwa.gov.tw/ ; https://hdps.cwa.gov.tw/static/state.html,完整
water,苗栗縣,三義鄉,2025-08,rainfall,1,C2E880,三義,三義(C2E880)=147.5,147.5,147.5,mm,以同一鄉鎮內中央氣象署 CODiS 2025 年月報表測站「降水量」取平均，作為該地區月累積雨量；未對無測站地區進行推估。,中央氣象署 CODiS / 現存測站清單,https://codis.cwa.gov.tw/ ; https://hdps.cwa.gov.tw/static/state.html,完整
water,苗栗縣,三義鄉,2025-09,rainfall,1,C2E880,三義,三義(C2E880)=213.5,213.5,213.5,mm,以同一鄉鎮內中央氣象署 CODiS 2025 年月報表測站「降水量」取平均，作為該地區月累積雨量；未對無測站地區進行推估。,中央氣象署 CODiS / 現存測站清單,https://codis.cwa.gov.tw/ ; https://hdps.cwa.gov.tw/static/state.html,完整
water,苗栗縣,三義鄉,2025-10,rainfall,1,C2E880,三義,三義(C2E880)=34,34.0,34.0,mm,以同一鄉鎮內中央氣象署 CODiS 2025 年月報表測站「降水量」取平均，作為該地區月累積雨量；未對無測站地區進行推估。,中央氣象署 CODiS / 現存測站清單,https://codis.cwa.gov.tw/ ; https://hdps.cwa.gov.tw/static/state.html,完整
water,苗栗縣,三義鄉,2025-11,rainfall,1,C2E880,三義,三義(C2E880)=23.5,23.5,23.5,mm,以同一鄉鎮內中央氣象署 CODiS 2025 年月報表測站「降水量」取平均，作為該地區月累積雨量；未對無測站地區進行推估。,中央氣象署 CODiS / 現存測站清單,https://codis.cwa.gov.tw/ ; https://hdps.cwa.gov.tw/static/state.html,完整
water,苗栗縣,三義鄉,2025-12,rainfall,1,C2E880,三義,三義(C2E880)=3.5,3.5,3.5,mm,以同一鄉鎮內中央氣象署 CODiS 2025 年月報表測站「降水量」取平均，作為該地區月累積雨量；未對無測站地區進行推估。,中央氣象署 CODiS / 現存測站清單,https://codis.cwa.gov.tw/ ; https://hdps.cwa.gov.tw/static/state.html,完整
water,苗栗縣,西湖鄉,2025-01,rainfall,1,C0E810,西湖,西湖(C0E810)=17.5,17.5,17.5,mm,以同一鄉鎮內中央氣象署 CODiS 2025 年月報表測站「降水量」取平均，作為該地區月累積雨量；未對無測站地區進行推估。,中央氣象署 CODiS / 現存測站清單,https://codis.cwa.gov.tw/ ; https://hdps.cwa.gov.tw/static/state.html,完整
water,苗栗縣,西湖鄉,2025-02,rainfall,1,C0E810,西湖,西湖(C0E810)=57.5,57.5,57.5,mm,以同一鄉鎮內中央氣象署 CODiS 2025 年月報表測站「降水量」取平均，作為該地區月累積雨量；未對無測站地區進行推估。,中央氣象署 CODiS / 現存測站清單,https://codis.cwa.gov.tw/ ; https://hdps.cwa.gov.tw/static/state.html,完整
water,苗栗縣,西湖鄉,2025-03,rainfall,1,C0E810,西湖,西湖(C0E810)=234.5,234.5,234.5,mm,以同一鄉鎮內中央氣象署 CODiS 2025 年月報表測站「降水量」取平均，作為該地區月累積雨量；未對無測站地區進行推估。,中央氣象署 CODiS / 現存測站清單,https://codis.cwa.gov.tw/ ; https://hdps.cwa.gov.tw/static/state.html,完整
water,苗栗縣,西湖鄉,2025-04,rainfall,1,C0E810,西湖,西湖(C0E810)=44.5,44.5,44.5,mm,以同一鄉鎮內中央氣象署 CODiS 2025 年月報表測站「降水量」取平均，作為該地區月累積雨量；未對無測站地區進行推估。,中央氣象署 CODiS / 現存測站清單,https://codis.cwa.gov.tw/ ; https://hdps.cwa.gov.tw/static/state.html,完整
water,苗栗縣,西湖鄉,2025-05,rainfall,1,C0E810,西湖,西湖(C0E810)=115.5,115.5,115.5,mm,以同一鄉鎮內中央氣象署 CODiS 2025 年月報表測站「降水量」取平均，作為該地區月累積雨量；未對無測站地區進行推估。,中央氣象署 CODiS / 現存測站清單,https://codis.cwa.gov.tw/ ; https://hdps.cwa.gov.tw/static/state.html,完整
water,苗栗縣,西湖鄉,2025-06,rainfall,1,C0E810,西湖,西湖(C0E810)=80,80.0,80.0,mm,以同一鄉鎮內中央氣象署 CODiS 2025 年月報表測站「降水量」取平均，作為該地區月累積雨量；未對無測站地區進行推估。,中央氣象署 CODiS / 現存測站清單,https://codis.cwa.gov.tw/ ; https://hdps.cwa.gov.tw/static/state.html,完整
water,苗栗縣,西湖鄉,2025-07,rainfall,1,C0E810,西湖,西湖(C0E810)=596.5,596.5,596.5,mm,以同一鄉鎮內中央氣象署 CODiS 2025 年月報表測站「降水量」取平均，作為該地區月累積雨量；未對無測站地區進行推估。,中央氣象署 CODiS / 現存測站清單,https://codis.cwa.gov.tw/ ; https://hdps.cwa.gov.tw/static/state.html,完整
water,苗栗縣,西湖鄉,2025-08,rainfall,1,C0E810,西湖,西湖(C0E810)=60,60.0,60.0,mm,以同一鄉鎮內中央氣象署 CODiS 2025 年月報表測站「降水量」取平均，作為該地區月累積雨量；未對無測站地區進行推估。,中央氣象署 CODiS / 現存測站清單,https://codis.cwa.gov.tw/ ; https://hdps.cwa.gov.tw/static/state.html,完整
water,苗栗縣,西湖鄉,2025-09,rainfall,1,C0E810,西湖,西湖(C0E810)=82.5,82.5,82.5,mm,以同一鄉鎮內中央氣象署 CODiS 2025 年月報表測站「降水量」取平均，作為該地區月累積雨量；未對無測站地區進行推估。,中央氣象署 CODiS / 現存測站清單,https://codis.cwa.gov.tw/ ; https://hdps.cwa.gov.tw/static/state.html,完整
water,苗栗縣,西湖鄉,2025-10,rainfall,1,C0E810,西湖,西湖(C0E810)=24.5,24.5,24.5,mm,以同一鄉鎮內中央氣象署 CODiS 2025 年月報表測站「降水量」取平均，作為該地區月累積雨量；未對無測站地區進行推估。,中央氣象署 CODiS / 現存測站清單,https://codis.cwa.gov.tw/ ; https://hdps.cwa.gov.tw/static/state.html,完整
water,苗栗縣,西湖鄉,2025-11,rainfall,1,C0E810,西湖,西湖(C0E810)=33.5,33.5,33.5,mm,以同一鄉鎮內中央氣象署 CODiS 2025 年月報表測站「降水量」取平均，作為該地區月累積雨量；未對無測站地區進行推估。,中央氣象署 CODiS / 現存測站清單,https://codis.cwa.gov.tw/ ; https://hdps.cwa.gov.tw/static/state.html,完整
water,苗栗縣,西湖鄉,2025-12,rainfall,1,C0E810,西湖,西湖(C0E810)=2,2.0,2.0,mm,以同一鄉鎮內中央氣象署 CODiS 2025 年月報表測站「降水量」取平均，作為該地區月累積雨量；未對無測站地區進行推估。,中央氣象署 CODiS / 現存測站清單,https://codis.cwa.gov.tw/ ; https://hdps.cwa.gov.tw/static/state.html,完整
water,苗栗縣,造橋鄉,2025-01,rainfall,1,C0E740,造橋,造橋(C0E740)=29,29.0,29.0,mm,以同一鄉鎮內中央氣象署 CODiS 2025 年月報表測站「降水量」取平均，作為該地區月累積雨量；未對無測站地區進行推估。,中央氣象署 CODiS / 現存測站清單,https://codis.cwa.gov.tw/ ; https://hdps.cwa.gov.tw/static/state.html,完整
water,苗栗縣,造橋鄉,2025-02,rainfall,1,C0E740,造橋,造橋(C0E740)=71,71.0,71.0,mm,以同一鄉鎮內中央氣象署 CODiS 2025 年月報表測站「降水量」取平均，作為該地區月累積雨量；未對無測站地區進行推估。,中央氣象署 CODiS / 現存測站清單,https://codis.cwa.gov.tw/ ; https://hdps.cwa.gov.tw/static/state.html,完整
water,苗栗縣,造橋鄉,2025-03,rainfall,1,C0E740,造橋,造橋(C0E740)=246.5,246.5,246.5,mm,以同一鄉鎮內中央氣象署 CODiS 2025 年月報表測站「降水量」取平均，作為該地區月累積雨量；未對無測站地區進行推估。,中央氣象署 CODiS / 現存測站清單,https://codis.cwa.gov.tw/ ; https://hdps.cwa.gov.tw/static/state.html,完整
water,苗栗縣,造橋鄉,2025-04,rainfall,1,C0E740,造橋,造橋(C0E740)=175.5,175.5,175.5,mm,以同一鄉鎮內中央氣象署 CODiS 2025 年月報表測站「降水量」取平均，作為該地區月累積雨量；未對無測站地區進行推估。,中央氣象署 CODiS / 現存測站清單,https://codis.cwa.gov.tw/ ; https://hdps.cwa.gov.tw/static/state.html,完整
water,苗栗縣,造橋鄉,2025-05,rainfall,1,C0E740,造橋,造橋(C0E740)=286.5,286.5,286.5,mm,以同一鄉鎮內中央氣象署 CODiS 2025 年月報表測站「降水量」取平均，作為該地區月累積雨量；未對無測站地區進行推估。,中央氣象署 CODiS / 現存測站清單,https://codis.cwa.gov.tw/ ; https://hdps.cwa.gov.tw/static/state.html,完整
water,苗栗縣,造橋鄉,2025-06,rainfall,1,C0E740,造橋,造橋(C0E740)=95.5,95.5,95.5,mm,以同一鄉鎮內中央氣象署 CODiS 2025 年月報表測站「降水量」取平均，作為該地區月累積雨量；未對無測站地區進行推估。,中央氣象署 CODiS / 現存測站清單,https://codis.cwa.gov.tw/ ; https://hdps.cwa.gov.tw/static/state.html,完整
water,苗栗縣,造橋鄉,2025-07,rainfall,1,C0E740,造橋,造橋(C0E740)=526.5,526.5,526.5,mm,以同一鄉鎮內中央氣象署 CODiS 2025 年月報表測站「降水量」取平均，作為該地區月累積雨量；未對無測站地區進行推估。,中央氣象署 CODiS / 現存測站清單,https://codis.cwa.gov.tw/ ; https://hdps.cwa.gov.tw/static/state.html,完整
water,苗栗縣,造橋鄉,2025-08,rainfall,1,C0E740,造橋,造橋(C0E740)=37.5,37.5,37.5,mm,以同一鄉鎮內中央氣象署 CODiS 2025 年月報表測站「降水量」取平均，作為該地區月累積雨量；未對無測站地區進行推估。,中央氣象署 CODiS / 現存測站清單,https://codis.cwa.gov.tw/ ; https://hdps.cwa.gov.tw/static/state.html,完整
water,苗栗縣,造橋鄉,2025-09,rainfall,1,C0E740,造橋,造橋(C0E740)=54.5,54.5,54.5,mm,以同一鄉鎮內中央氣象署 CODiS 2025 年月報表測站「降水量」取平均，作為該地區月累積雨量；未對無測站地區進行推估。,中央氣象署 CODiS / 現存測站清單,https://codis.cwa.gov.tw/ ; https://hdps.cwa.gov.tw/static/state.html,完整
water,苗栗縣,造橋鄉,2025-10,rainfall,1,C0E740,造橋,造橋(C0E740)=80,80.0,80.0,mm,以同一鄉鎮內中央氣象署 CODiS 2025 年月報表測站「降水量」取平均，作為該地區月累積雨量；未對無測站地區進行推估。,中央氣象署 CODiS / 現存測站清單,https://codis.cwa.gov.tw/ ; https://hdps.cwa.gov.tw/static/state.html,完整
water,苗栗縣,造橋鄉,2025-11,rainfall,1,C0E740,造橋,造橋(C0E740)=29.5,29.5,29.5,mm,以同一鄉鎮內中央氣象署 CODiS 2025 年月報表測站「降水量」取平均，作為該地區月累積雨量；未對無測站地區進行推估。,中央氣象署 CODiS / 現存測站清單,https://codis.cwa.gov.tw/ ; https://hdps.cwa.gov.tw/static/state.html,完整
water,苗栗縣,造橋鄉,2025-12,rainfall,1,C0E740,造橋,造橋(C0E740)=3.5,3.5,3.5,mm,以同一鄉鎮內中央氣象署 CODiS 2025 年月報表測站「降水量」取平均，作為該地區月累積雨量；未對無測站地區進行推估。,中央氣象署 CODiS / 現存測站清單,https://codis.cwa.gov.tw/ ; https://hdps.cwa.gov.tw/static/state.html,完整
water,苗栗縣,三灣鄉,2025-01,rainfall,1,C0E850,大河,大河(C0E850)=51.5,51.5,51.5,mm,以同一鄉鎮內中央氣象署 CODiS 2025 年月報表測站「降水量」取平均，作為該地區月累積雨量；未對無測站地區進行推估。,中央氣象署 CODiS / 現存測站清單,https://codis.cwa.gov.tw/ ; https://hdps.cwa.gov.tw/static/state.html,完整
water,苗栗縣,三灣鄉,2025-02,rainfall,1,C0E850,大河,大河(C0E850)=97,97.0,97.0,mm,以同一鄉鎮內中央氣象署 CODiS 2025 年月報表測站「降水量」取平均，作為該地區月累積雨量；未對無測站地區進行推估。,中央氣象署 CODiS / 現存測站清單,https://codis.cwa.gov.tw/ ; https://hdps.cwa.gov.tw/static/state.html,完整
water,苗栗縣,三灣鄉,2025-03,rainfall,1,C0E850,大河,大河(C0E850)=286,286.0,286.0,mm,以同一鄉鎮內中央氣象署 CODiS 2025 年月報表測站「降水量」取平均，作為該地區月累積雨量；未對無測站地區進行推估。,中央氣象署 CODiS / 現存測站清單,https://codis.cwa.gov.tw/ ; https://hdps.cwa.gov.tw/static/state.html,完整
water,苗栗縣,三灣鄉,2025-04,rainfall,1,C0E850,大河,大河(C0E850)=187,187.0,187.0,mm,以同一鄉鎮內中央氣象署 CODiS 2025 年月報表測站「降水量」取平均，作為該地區月累積雨量；未對無測站地區進行推估。,中央氣象署 CODiS / 現存測站清單,https://codis.cwa.gov.tw/ ; https://hdps.cwa.gov.tw/static/state.html,完整
water,苗栗縣,三灣鄉,2025-05,rainfall,1,C0E850,大河,大河(C0E850)=339,339.0,339.0,mm,以同一鄉鎮內中央氣象署 CODiS 2025 年月報表測站「降水量」取平均，作為該地區月累積雨量；未對無測站地區進行推估。,中央氣象署 CODiS / 現存測站清單,https://codis.cwa.gov.tw/ ; https://hdps.cwa.gov.tw/static/state.html,完整
water,苗栗縣,三灣鄉,2025-06,rainfall,1,C0E850,大河,大河(C0E850)=164,164.0,164.0,mm,以同一鄉鎮內中央氣象署 CODiS 2025 年月報表測站「降水量」取平均，作為該地區月累積雨量；未對無測站地區進行推估。,中央氣象署 CODiS / 現存測站清單,https://codis.cwa.gov.tw/ ; https://hdps.cwa.gov.tw/static/state.html,完整
water,苗栗縣,三灣鄉,2025-07,rainfall,1,C0E850,大河,大河(C0E850)=604,604.0,604.0,mm,以同一鄉鎮內中央氣象署 CODiS 2025 年月報表測站「降水量」取平均，作為該地區月累積雨量；未對無測站地區進行推估。,中央氣象署 CODiS / 現存測站清單,https://codis.cwa.gov.tw/ ; https://hdps.cwa.gov.tw/static/state.html,完整
water,苗栗縣,三灣鄉,2025-08,rainfall,1,C0E850,大河,大河(C0E850)=128,128.0,128.0,mm,以同一鄉鎮內中央氣象署 CODiS 2025 年月報表測站「降水量」取平均，作為該地區月累積雨量；未對無測站地區進行推估。,中央氣象署 CODiS / 現存測站清單,https://codis.cwa.gov.tw/ ; https://hdps.cwa.gov.tw/static/state.html,完整
water,苗栗縣,三灣鄉,2025-09,rainfall,1,C0E850,大河,大河(C0E850)=201.5,201.5,201.5,mm,以同一鄉鎮內中央氣象署 CODiS 2025 年月報表測站「降水量」取平均，作為該地區月累積雨量；未對無測站地區進行推估。,中央氣象署 CODiS / 現存測站清單,https://codis.cwa.gov.tw/ ; https://hdps.cwa.gov.tw/static/state.html,完整
water,苗栗縣,三灣鄉,2025-10,rainfall,1,C0E850,大河,大河(C0E850)=130,130.0,130.0,mm,以同一鄉鎮內中央氣象署 CODiS 2025 年月報表測站「降水量」取平均，作為該地區月累積雨量；未對無測站地區進行推估。,中央氣象署 CODiS / 現存測站清單,https://codis.cwa.gov.tw/ ; https://hdps.cwa.gov.tw/static/state.html,完整
water,苗栗縣,三灣鄉,2025-11,rainfall,1,C0E850,大河,大河(C0E850)=48.5,48.5,48.5,mm,以同一鄉鎮內中央氣象署 CODiS 2025 年月報表測站「降水量」取平均，作為該地區月累積雨量；未對無測站地區進行推估。,中央氣象署 CODiS / 現存測站清單,https://codis.cwa.gov.tw/ ; https://hdps.cwa.gov.tw/static/state.html,完整
water,苗栗縣,三灣鄉,2025-12,rainfall,1,C0E850,大河,大河(C0E850)=9.5,9.5,9.5,mm,以同一鄉鎮內中央氣象署 CODiS 2025 年月報表測站「降水量」取平均，作為該地區月累積雨量；未對無測站地區進行推估。,中央氣象署 CODiS / 現存測站清單,https://codis.cwa.gov.tw/ ; https://hdps.cwa.gov.tw/static/state.html,完整
water,苗栗縣,獅潭鄉,2025-01,rainfall,1,C0E820,獅潭,獅潭(C0E820)=44.5,44.5,44.5,mm,以同一鄉鎮內中央氣象署 CODiS 2025 年月報表測站「降水量」取平均，作為該地區月累積雨量；未對無測站地區進行推估。,中央氣象署 CODiS / 現存測站清單,https://codis.cwa.gov.tw/ ; https://hdps.cwa.gov.tw/static/state.html,完整
water,苗栗縣,獅潭鄉,2025-02,rainfall,1,C0E820,獅潭,獅潭(C0E820)=100.5,100.5,100.5,mm,以同一鄉鎮內中央氣象署 CODiS 2025 年月報表測站「降水量」取平均，作為該地區月累積雨量；未對無測站地區進行推估。,中央氣象署 CODiS / 現存測站清單,https://codis.cwa.gov.tw/ ; https://hdps.cwa.gov.tw/static/state.html,完整
water,苗栗縣,獅潭鄉,2025-03,rainfall,1,C0E820,獅潭,獅潭(C0E820)=331.5,331.5,331.5,mm,以同一鄉鎮內中央氣象署 CODiS 2025 年月報表測站「降水量」取平均，作為該地區月累積雨量；未對無測站地區進行推估。,中央氣象署 CODiS / 現存測站清單,https://codis.cwa.gov.tw/ ; https://hdps.cwa.gov.tw/static/state.html,完整
water,苗栗縣,獅潭鄉,2025-04,rainfall,1,C0E820,獅潭,獅潭(C0E820)=158,158.0,158.0,mm,以同一鄉鎮內中央氣象署 CODiS 2025 年月報表測站「降水量」取平均，作為該地區月累積雨量；未對無測站地區進行推估。,中央氣象署 CODiS / 現存測站清單,https://codis.cwa.gov.tw/ ; https://hdps.cwa.gov.tw/static/state.html,完整
water,苗栗縣,獅潭鄉,2025-05,rainfall,1,C0E820,獅潭,獅潭(C0E820)=393.5,393.5,393.5,mm,以同一鄉鎮內中央氣象署 CODiS 2025 年月報表測站「降水量」取平均，作為該地區月累積雨量；未對無測站地區進行推估。,中央氣象署 CODiS / 現存測站清單,https://codis.cwa.gov.tw/ ; https://hdps.cwa.gov.tw/static/state.html,完整
water,苗栗縣,獅潭鄉,2025-06,rainfall,1,C0E820,獅潭,獅潭(C0E820)=87.5,87.5,87.5,mm,以同一鄉鎮內中央氣象署 CODiS 2025 年月報表測站「降水量」取平均，作為該地區月累積雨量；未對無測站地區進行推估。,中央氣象署 CODiS / 現存測站清單,https://codis.cwa.gov.tw/ ; https://hdps.cwa.gov.tw/static/state.html,完整
water,苗栗縣,獅潭鄉,2025-07,rainfall,1,C0E820,獅潭,獅潭(C0E820)=552.5,552.5,552.5,mm,以同一鄉鎮內中央氣象署 CODiS 2025 年月報表測站「降水量」取平均，作為該地區月累積雨量；未對無測站地區進行推估。,中央氣象署 CODiS / 現存測站清單,https://codis.cwa.gov.tw/ ; https://hdps.cwa.gov.tw/static/state.html,完整
water,苗栗縣,獅潭鄉,2025-08,rainfall,1,C0E820,獅潭,獅潭(C0E820)=108,108.0,108.0,mm,以同一鄉鎮內中央氣象署 CODiS 2025 年月報表測站「降水量」取平均，作為該地區月累積雨量；未對無測站地區進行推估。,中央氣象署 CODiS / 現存測站清單,https://codis.cwa.gov.tw/ ; https://hdps.cwa.gov.tw/static/state.html,完整
water,苗栗縣,獅潭鄉,2025-09,rainfall,1,C0E820,獅潭,獅潭(C0E820)=239,239.0,239.0,mm,以同一鄉鎮內中央氣象署 CODiS 2025 年月報表測站「降水量」取平均，作為該地區月累積雨量；未對無測站地區進行推估。,中央氣象署 CODiS / 現存測站清單,https://codis.cwa.gov.tw/ ; https://hdps.cwa.gov.tw/static/state.html,完整
water,苗栗縣,獅潭鄉,2025-10,rainfall,1,C0E820,獅潭,獅潭(C0E820)=70.5,70.5,70.5,mm,以同一鄉鎮內中央氣象署 CODiS 2025 年月報表測站「降水量」取平均，作為該地區月累積雨量；未對無測站地區進行推估。,中央氣象署 CODiS / 現存測站清單,https://codis.cwa.gov.tw/ ; https://hdps.cwa.gov.tw/static/state.html,完整
water,苗栗縣,獅潭鄉,2025-11,rainfall,1,C0E820,獅潭,獅潭(C0E820)=20.5,20.5,20.5,mm,以同一鄉鎮內中央氣象署 CODiS 2025 年月報表測站「降水量」取平均，作為該地區月累積雨量；未對無測站地區進行推估。,中央氣象署 CODiS / 現存測站清單,https://codis.cwa.gov.tw/ ; https://hdps.cwa.gov.tw/static/state.html,完整
water,苗栗縣,獅潭鄉,2025-12,rainfall,1,C0E820,獅潭,獅潭(C0E820)=5.5,5.5,5.5,mm,以同一鄉鎮內中央氣象署 CODiS 2025 年月報表測站「降水量」取平均，作為該地區月累積雨量；未對無測站地區進行推估。,中央氣象署 CODiS / 現存測站清單,https://codis.cwa.gov.tw/ ; https://hdps.cwa.gov.tw/static/state.html,完整
water,苗栗縣,泰安鄉,2025-01,rainfall,6,C0E610;C1E451;C1E461;C1E681;C1E701;C1E721,馬都安;象鼻;松安;南勢山;八卦;泰安,馬都安(C0E610)=50;象鼻(C1E451)=42;松安(C1E461)=66;南勢山(C1E681)=43.5;八卦(C1E701)=43;泰安(C1E721)=21,44.25,44.25,mm,以同一鄉鎮內中央氣象署 CODiS 2025 年月報表測站「降水量」取平均，作為該地區月累積雨量；未對無測站地區進行推估。,中央氣象署 CODiS / 現存測站清單,https://codis.cwa.gov.tw/ ; https://hdps.cwa.gov.tw/static/state.html,完整
water,苗栗縣,泰安鄉,2025-02,rainfall,5,C0E610;C1E451;C1E461;C1E681;C1E701,馬都安;象鼻;松安;南勢山;八卦,馬都安(C0E610)=90;象鼻(C1E451)=75.5;松安(C1E461)=116.5;南勢山(C1E681)=89.5;八卦(C1E701)=82.5,90.8,90.8,mm,以同一鄉鎮內中央氣象署 CODiS 2025 年月報表測站「降水量」取平均，作為該地區月累積雨量；未對無測站地區進行推估。,中央氣象署 CODiS / 現存測站清單,https://codis.cwa.gov.tw/ ; https://hdps.cwa.gov.tw/static/state.html,完整
water,苗栗縣,泰安鄉,2025-03,rainfall,5,C0E610;C1E451;C1E461;C1E681;C1E701,馬都安;象鼻;松安;南勢山;八卦,馬都安(C0E610)=289;象鼻(C1E451)=226;松安(C1E461)=288;南勢山(C1E681)=253.5;八卦(C1E701)=286.5,268.6,268.6,mm,以同一鄉鎮內中央氣象署 CODiS 2025 年月報表測站「降水量」取平均，作為該地區月累積雨量；未對無測站地區進行推估。,中央氣象署 CODiS / 現存測站清單,https://codis.cwa.gov.tw/ ; https://hdps.cwa.gov.tw/static/state.html,完整
water,苗栗縣,泰安鄉,2025-04,rainfall,8,C0E610;C0E940;C0E950;C0E960;C1E451;C1E461;C1E681;C1E701,馬都安;雪見;松安;觀霧分站;象鼻;松安;南勢山;八卦,馬都安(C0E610)=136;雪見(C0E940)=105;松安(C0E950)=35.5;觀霧分站(C0E960)=0;象鼻(C1E451)=119;松安(C1E461)=173.5;南勢山(C1E681)=146.5;八卦(C1E701)=130,105.69,105.69,mm,以同一鄉鎮內中央氣象署 CODiS 2025 年月報表測站「降水量」取平均，作為該地區月累積雨量；未對無測站地區進行推估。,中央氣象署 CODiS / 現存測站清單,https://codis.cwa.gov.tw/ ; https://hdps.cwa.gov.tw/static/state.html,完整
water,苗栗縣,泰安鄉,2025-05,rainfall,8,C0E610;C0E940;C0E950;C0E960;C1E451;C1E461;C1E681;C1E701,馬都安;雪見;松安;觀霧分站;象鼻;松安;南勢山;八卦,馬都安(C0E610)=376;雪見(C0E940)=281;松安(C0E950)=460.5;觀霧分站(C0E960)=713.5;象鼻(C1E451)=253;松安(C1E461)=448;南勢山(C1E681)=348;八卦(C1E701)=342.5,402.81,402.81,mm,以同一鄉鎮內中央氣象署 CODiS 2025 年月報表測站「降水量」取平均，作為該地區月累積雨量；未對無測站地區進行推估。,中央氣象署 CODiS / 現存測站清單,https://codis.cwa.gov.tw/ ; https://hdps.cwa.gov.tw/static/state.html,完整
water,苗栗縣,泰安鄉,2025-06,rainfall,8,C0E610;C0E940;C0E950;C0E960;C1E451;C1E461;C1E681;C1E701,馬都安;雪見;松安;觀霧分站;象鼻;松安;南勢山;八卦,馬都安(C0E610)=241;雪見(C0E940)=200;松安(C0E950)=340;觀霧分站(C0E960)=222.5;象鼻(C1E451)=312;松安(C1E461)=332.5;南勢山(C1E681)=195.5;八卦(C1E701)=202.5,255.75,255.75,mm,以同一鄉鎮內中央氣象署 CODiS 2025 年月報表測站「降水量」取平均，作為該地區月累積雨量；未對無測站地區進行推估。,中央氣象署 CODiS / 現存測站清單,https://codis.cwa.gov.tw/ ; https://hdps.cwa.gov.tw/static/state.html,完整
water,苗栗縣,泰安鄉,2025-07,rainfall,9,C0E610;C0E940;C0E950;C0E960;C1E451;C1E461;C1E681;C1E701;C1E721,馬都安;雪見;松安;觀霧分站;象鼻;松安;南勢山;八卦;泰安,馬都安(C0E610)=460;雪見(C0E940)=527.5;松安(C0E950)=371.5;觀霧分站(C0E960)=495.5;象鼻(C1E451)=623.5;松安(C1E461)=523;南勢山(C1E681)=525;八卦(C1E701)=531;泰安(C1E721)=247,478.22,478.22,mm,以同一鄉鎮內中央氣象署 CODiS 2025 年月報表測站「降水量」取平均，作為該地區月累積雨量；未對無測站地區進行推估。,中央氣象署 CODiS / 現存測站清單,https://codis.cwa.gov.tw/ ; https://hdps.cwa.gov.tw/static/state.html,完整
water,苗栗縣,泰安鄉,2025-08,rainfall,9,C0E610;C0E940;C0E950;C0E960;C1E451;C1E461;C1E681;C1E701;C1E721,馬都安;雪見;松安;觀霧分站;象鼻;松安;南勢山;八卦;泰安,馬都安(C0E610)=146.5;雪見(C0E940)=129;松安(C0E950)=43;觀霧分站(C0E960)=125;象鼻(C1E451)=183;松安(C1E461)=144.5;南勢山(C1E681)=176.5;八卦(C1E701)=141;泰安(C1E721)=124.5,134.78,134.78,mm,以同一鄉鎮內中央氣象署 CODiS 2025 年月報表測站「降水量」取平均，作為該地區月累積雨量；未對無測站地區進行推估。,中央氣象署 CODiS / 現存測站清單,https://codis.cwa.gov.tw/ ; https://hdps.cwa.gov.tw/static/state.html,完整
water,苗栗縣,泰安鄉,2025-09,rainfall,9,C0E610;C0E940;C0E950;C0E960;C1E451;C1E461;C1E681;C1E701;C1E721,馬都安;雪見;松安;觀霧分站;象鼻;松安;南勢山;八卦;泰安,馬都安(C0E610)=174;雪見(C0E940)=120;松安(C0E950)=177.5;觀霧分站(C0E960)=171.5;象鼻(C1E451)=268.5;松安(C1E461)=176;南勢山(C1E681)=245.5;八卦(C1E701)=202.5;泰安(C1E721)=154,187.72,187.72,mm,以同一鄉鎮內中央氣象署 CODiS 2025 年月報表測站「降水量」取平均，作為該地區月累積雨量；未對無測站地區進行推估。,中央氣象署 CODiS / 現存測站清單,https://codis.cwa.gov.tw/ ; https://hdps.cwa.gov.tw/static/state.html,完整
water,苗栗縣,泰安鄉,2025-10,rainfall,9,C0E610;C0E940;C0E950;C0E960;C1E451;C1E461;C1E681;C1E701;C1E721,馬都安;雪見;松安;觀霧分站;象鼻;松安;南勢山;八卦;泰安,馬都安(C0E610)=31.5;雪見(C0E940)=46;松安(C0E950)=32.5;觀霧分站(C0E960)=186;象鼻(C1E451)=36;松安(C1E461)=31.5;南勢山(C1E681)=42;八卦(C1E701)=21.5;泰安(C1E721)=50.5,53.06,53.06,mm,以同一鄉鎮內中央氣象署 CODiS 2025 年月報表測站「降水量」取平均，作為該地區月累積雨量；未對無測站地區進行推估。,中央氣象署 CODiS / 現存測站清單,https://codis.cwa.gov.tw/ ; https://hdps.cwa.gov.tw/static/state.html,完整
water,苗栗縣,泰安鄉,2025-11,rainfall,9,C0E610;C0E940;C0E950;C0E960;C1E451;C1E461;C1E681;C1E701;C1E721,馬都安;雪見;松安;觀霧分站;象鼻;松安;南勢山;八卦;泰安,馬都安(C0E610)=11.5;雪見(C0E940)=45;松安(C0E950)=10;觀霧分站(C0E960)=57.5;象鼻(C1E451)=7.5;松安(C1E461)=11;南勢山(C1E681)=8.5;八卦(C1E701)=21;泰安(C1E721)=8.5,20.06,20.06,mm,以同一鄉鎮內中央氣象署 CODiS 2025 年月報表測站「降水量」取平均，作為該地區月累積雨量；未對無測站地區進行推估。,中央氣象署 CODiS / 現存測站清單,https://codis.cwa.gov.tw/ ; https://hdps.cwa.gov.tw/static/state.html,完整
water,苗栗縣,泰安鄉,2025-12,rainfall,9,C0E610;C0E940;C0E950;C0E960;C1E451;C1E461;C1E681;C1E701;C1E721,馬都安;雪見;松安;觀霧分站;象鼻;松安;南勢山;八卦;泰安,馬都安(C0E610)=12.5;雪見(C0E940)=55.5;松安(C0E950)=13.5;觀霧分站(C0E960)=54;象鼻(C1E451)=9.5;松安(C1E461)=13.5;南勢山(C1E681)=13;八卦(C1E701)=5.5;泰安(C1E721)=3,20.0,20.0,mm,以同一鄉鎮內中央氣象署 CODiS 2025 年月報表測站「降水量」取平均，作為該地區月累積雨量；未對無測站地區進行推估。,中央氣象署 CODiS / 現存測站清單,https://codis.cwa.gov.tw/ ; https://hdps.cwa.gov.tw/static/state.html,完整
