category,waterway_type,siteid,sitename,county,township,basin,river,longitude,latitude,month,metric,source_name,source_url,formula_source_url,raw_sample_dates,raw_do_mg_l,raw_bod5_mg_l,raw_ss_mg_l,raw_nh3n_mg_l,raw_reported_rpi,do_score,bod5_score,ss_score,nh3n_score,processed_value,processed_unit,processed_level,processed_method,data_status
water,site,1092,三灣大橋,苗栗縣,,中港溪流域,中港溪,120.9591131,24.6618981,2025/01,RPI,環境部環境資料開放平臺：河川水質監測資料 WQX_P_01,https://data.moenv.gov.tw/dataset/detail/WQX_P_01,https://wq.moenv.gov.tw/EWQP/zh/Encyclopedia/NounDefinition/Pedia_37.aspx,2025/1/3 10:08,10.2,<1.0,1.9,0.1,1,1,1,1,1,1.0,RPI,未受或稍受污染,RPI=(DO點數+BOD5點數+SS點數+NH3-N點數)/4；DO、BOD5、SS、NH3-N依環境部RPI級距轉換為1、3、6、10點後平均。,可計算
water,site,1092,三灣大橋,苗栗縣,,中港溪流域,中港溪,120.9591131,24.6618981,2025/02,RPI,環境部環境資料開放平臺：河川水質監測資料 WQX_P_01,https://data.moenv.gov.tw/dataset/detail/WQX_P_01,https://wq.moenv.gov.tw/EWQP/zh/Encyclopedia/NounDefinition/Pedia_37.aspx,2025/2/3 10:50,9.3,<1.0,2.7,0.21,1,1,1,1,1,1.0,RPI,未受或稍受污染,RPI=(DO點數+BOD5點數+SS點數+NH3-N點數)/4；DO、BOD5、SS、NH3-N依環境部RPI級距轉換為1、3、6、10點後平均。,可計算
water,site,1092,三灣大橋,苗栗縣,三灣鄉,中港溪流域,中港溪,120.9591131,24.6618981,2025/03,RPI,環境部環境資料開放平臺：河川水質監測資料 WQX_P_01,https://data.moenv.gov.tw/dataset/detail/WQX_P_01,https://wq.moenv.gov.tw/EWQP/zh/Encyclopedia/NounDefinition/Pedia_37.aspx,2025/3/5 11:30,9.4,2.1,-,0.1,1,1,1,,1,,RPI,資料不足,RPI=(DO點數+BOD5點數+SS點數+NH3-N點數)/4；DO、BOD5、SS、NH3-N依環境部RPI級距轉換為1、3、6、10點後平均。,四項RPI參數不足
water,site,1092,三灣大橋,苗栗縣,三灣鄉,中港溪流域,中港溪,120.9591131,24.6618981,2025/04,RPI,環境部環境資料開放平臺：河川水質監測資料 WQX_P_01,https://data.moenv.gov.tw/dataset/detail/WQX_P_01,https://wq.moenv.gov.tw/EWQP/zh/Encyclopedia/NounDefinition/Pedia_37.aspx,2025/4/7 08:30,10,<1.0,1.8,0.02,1,1,1,1,1,1.0,RPI,未受或稍受污染,RPI=(DO點數+BOD5點數+SS點數+NH3-N點數)/4；DO、BOD5、SS、NH3-N依環境部RPI級距轉換為1、3、6、10點後平均。,可計算
water,site,1092,三灣大橋,苗栗縣,三灣鄉,中港溪流域,中港溪,120.9591131,24.6618981,2025/05,RPI,環境部環境資料開放平臺：河川水質監測資料 WQX_P_01,https://data.moenv.gov.tw/dataset/detail/WQX_P_01,https://wq.moenv.gov.tw/EWQP/zh/Encyclopedia/NounDefinition/Pedia_37.aspx,2025/5/14 10:00,8.7,<1.0,14,0.05,1,1,1,1,1,1.0,RPI,未受或稍受污染,RPI=(DO點數+BOD5點數+SS點數+NH3-N點數)/4；DO、BOD5、SS、NH3-N依環境部RPI級距轉換為1、3、6、10點後平均。,可計算
water,site,1092,三灣大橋,苗栗縣,三灣鄉,中港溪流域,中港溪,120.9591131,24.6618981,2025/06,RPI,環境部環境資料開放平臺：河川水質監測資料 WQX_P_01,https://data.moenv.gov.tw/dataset/detail/WQX_P_01,https://wq.moenv.gov.tw/EWQP/zh/Encyclopedia/NounDefinition/Pedia_37.aspx,2025/6/4 08:10,8.7,<1.0,2.8,0.02,1,1,1,1,1,1.0,RPI,未受或稍受污染,RPI=(DO點數+BOD5點數+SS點數+NH3-N點數)/4；DO、BOD5、SS、NH3-N依環境部RPI級距轉換為1、3、6、10點後平均。,可計算
water,site,1092,三灣大橋,苗栗縣,三灣鄉,中港溪流域,中港溪,120.9591131,24.6618981,2025/07,RPI,環境部環境資料開放平臺：河川水質監測資料 WQX_P_01,https://data.moenv.gov.tw/dataset/detail/WQX_P_01,https://wq.moenv.gov.tw/EWQP/zh/Encyclopedia/NounDefinition/Pedia_37.aspx,2025/7/4 08:10,9.4,<1.0,4.5,0.04,1,1,1,1,1,1.0,RPI,未受或稍受污染,RPI=(DO點數+BOD5點數+SS點數+NH3-N點數)/4；DO、BOD5、SS、NH3-N依環境部RPI級距轉換為1、3、6、10點後平均。,可計算
water,site,1092,三灣大橋,苗栗縣,三灣鄉,中港溪流域,中港溪,120.9591131,24.6618981,2025/08,RPI,環境部環境資料開放平臺：河川水質監測資料 WQX_P_01,https://data.moenv.gov.tw/dataset/detail/WQX_P_01,https://wq.moenv.gov.tw/EWQP/zh/Encyclopedia/NounDefinition/Pedia_37.aspx,2025/8/4 08:00,8.4,<1.0,3.4,0.03,1,1,1,1,1,1.0,RPI,未受或稍受污染,RPI=(DO點數+BOD5點數+SS點數+NH3-N點數)/4；DO、BOD5、SS、NH3-N依環境部RPI級距轉換為1、3、6、10點後平均。,可計算
water,site,1092,三灣大橋,苗栗縣,三灣鄉,中港溪流域,中港溪,120.9591131,24.6618981,2025/09,RPI,環境部環境資料開放平臺：河川水質監測資料 WQX_P_01,https://data.moenv.gov.tw/dataset/detail/WQX_P_01,https://wq.moenv.gov.tw/EWQP/zh/Encyclopedia/NounDefinition/Pedia_37.aspx,2025/9/12 10:30,9.3,<1.0,3,0.02,1,1,1,1,1,1.0,RPI,未受或稍受污染,RPI=(DO點數+BOD5點數+SS點數+NH3-N點數)/4；DO、BOD5、SS、NH3-N依環境部RPI級距轉換為1、3、6、10點後平均。,可計算
water,site,1092,三灣大橋,苗栗縣,三灣鄉,中港溪流域,中港溪,120.9591131,24.6618981,2025/10,RPI,環境部環境資料開放平臺：河川水質監測資料 WQX_P_01,https://data.moenv.gov.tw/dataset/detail/WQX_P_01,https://wq.moenv.gov.tw/EWQP/zh/Encyclopedia/NounDefinition/Pedia_37.aspx,2025/10/16 08:40,9.1,<1.0,2.2,0.04,1,1,1,1,1,1.0,RPI,未受或稍受污染,RPI=(DO點數+BOD5點數+SS點數+NH3-N點數)/4；DO、BOD5、SS、NH3-N依環境部RPI級距轉換為1、3、6、10點後平均。,可計算
water,site,1092,三灣大橋,苗栗縣,三灣鄉,中港溪流域,中港溪,120.9591131,24.6618981,2025/11,RPI,環境部環境資料開放平臺：河川水質監測資料 WQX_P_01,https://data.moenv.gov.tw/dataset/detail/WQX_P_01,https://wq.moenv.gov.tw/EWQP/zh/Encyclopedia/NounDefinition/Pedia_37.aspx,2025/11/10 11:21,10.9,<1.0,3.4,0.04,1,1,1,1,1,1.0,RPI,未受或稍受污染,RPI=(DO點數+BOD5點數+SS點數+NH3-N點數)/4；DO、BOD5、SS、NH3-N依環境部RPI級距轉換為1、3、6、10點後平均。,可計算
water,site,1092,三灣大橋,苗栗縣,三灣鄉,中港溪流域,中港溪,120.9591131,24.6618981,2025/12,RPI,環境部環境資料開放平臺：河川水質監測資料 WQX_P_01,https://data.moenv.gov.tw/dataset/detail/WQX_P_01,https://wq.moenv.gov.tw/EWQP/zh/Encyclopedia/NounDefinition/Pedia_37.aspx,2025/12/10 11:30,9.4,<1.0,2.2,0.04,1,1,1,1,1,1.0,RPI,未受或稍受污染,RPI=(DO點數+BOD5點數+SS點數+NH3-N點數)/4；DO、BOD5、SS、NH3-N依環境部RPI級距轉換為1、3、6、10點後平均。,可計算
water,site,1093,平安大橋,苗栗縣,,中港溪流域,中港溪,120.9492131,24.6758869,2025/01,RPI,環境部環境資料開放平臺：河川水質監測資料 WQX_P_01,https://data.moenv.gov.tw/dataset/detail/WQX_P_01,https://wq.moenv.gov.tw/EWQP/zh/Encyclopedia/NounDefinition/Pedia_37.aspx,2025/1/3 11:00,9.7,1.4,2.4,0.09,1,1,1,1,1,1.0,RPI,未受或稍受污染,RPI=(DO點數+BOD5點數+SS點數+NH3-N點數)/4；DO、BOD5、SS、NH3-N依環境部RPI級距轉換為1、3、6、10點後平均。,可計算
water,site,1093,平安大橋,苗栗縣,,中港溪流域,中港溪,120.9492131,24.6758869,2025/02,RPI,環境部環境資料開放平臺：河川水質監測資料 WQX_P_01,https://data.moenv.gov.tw/dataset/detail/WQX_P_01,https://wq.moenv.gov.tw/EWQP/zh/Encyclopedia/NounDefinition/Pedia_37.aspx,2025/2/3 11:40,9.1,<1.0,5.8,0.17,1,1,1,1,1,1.0,RPI,未受或稍受污染,RPI=(DO點數+BOD5點數+SS點數+NH3-N點數)/4；DO、BOD5、SS、NH3-N依環境部RPI級距轉換為1、3、6、10點後平均。,可計算
water,site,1093,平安大橋,苗栗縣,三灣鄉,中港溪流域,中港溪,120.9492131,24.6758869,2025/03,RPI,環境部環境資料開放平臺：河川水質監測資料 WQX_P_01,https://data.moenv.gov.tw/dataset/detail/WQX_P_01,https://wq.moenv.gov.tw/EWQP/zh/Encyclopedia/NounDefinition/Pedia_37.aspx,2025/3/5 13:40,9.2,2.2,-,0.15,1,1,1,,1,,RPI,資料不足,RPI=(DO點數+BOD5點數+SS點數+NH3-N點數)/4；DO、BOD5、SS、NH3-N依環境部RPI級距轉換為1、3、6、10點後平均。,四項RPI參數不足
water,site,1093,平安大橋,苗栗縣,三灣鄉,中港溪流域,中港溪,120.9492131,24.6758869,2025/04,RPI,環境部環境資料開放平臺：河川水質監測資料 WQX_P_01,https://data.moenv.gov.tw/dataset/detail/WQX_P_01,https://wq.moenv.gov.tw/EWQP/zh/Encyclopedia/NounDefinition/Pedia_37.aspx,2025/4/7 09:30,9.5,<1.0,3.9,0.09,1,1,1,1,1,1.0,RPI,未受或稍受污染,RPI=(DO點數+BOD5點數+SS點數+NH3-N點數)/4；DO、BOD5、SS、NH3-N依環境部RPI級距轉換為1、3、6、10點後平均。,可計算
water,site,1093,平安大橋,苗栗縣,三灣鄉,中港溪流域,中港溪,120.9492131,24.6758869,2025/05,RPI,環境部環境資料開放平臺：河川水質監測資料 WQX_P_01,https://data.moenv.gov.tw/dataset/detail/WQX_P_01,https://wq.moenv.gov.tw/EWQP/zh/Encyclopedia/NounDefinition/Pedia_37.aspx,2025/5/14 11:00,8.8,1.3,18,0.07,1,1,1,1,1,1.0,RPI,未受或稍受污染,RPI=(DO點數+BOD5點數+SS點數+NH3-N點數)/4；DO、BOD5、SS、NH3-N依環境部RPI級距轉換為1、3、6、10點後平均。,可計算
water,site,1093,平安大橋,苗栗縣,三灣鄉,中港溪流域,中港溪,120.9492131,24.6758869,2025/06,RPI,環境部環境資料開放平臺：河川水質監測資料 WQX_P_01,https://data.moenv.gov.tw/dataset/detail/WQX_P_01,https://wq.moenv.gov.tw/EWQP/zh/Encyclopedia/NounDefinition/Pedia_37.aspx,2025/6/4 09:10,8.5,<1.0,5.6,0.02,1,1,1,1,1,1.0,RPI,未受或稍受污染,RPI=(DO點數+BOD5點數+SS點數+NH3-N點數)/4；DO、BOD5、SS、NH3-N依環境部RPI級距轉換為1、3、6、10點後平均。,可計算
water,site,1093,平安大橋,苗栗縣,三灣鄉,中港溪流域,中港溪,120.9492131,24.6758869,2025/07,RPI,環境部環境資料開放平臺：河川水質監測資料 WQX_P_01,https://data.moenv.gov.tw/dataset/detail/WQX_P_01,https://wq.moenv.gov.tw/EWQP/zh/Encyclopedia/NounDefinition/Pedia_37.aspx,2025/7/4 09:10,7.8,<1.0,5.4,0.06,1,1,1,1,1,1.0,RPI,未受或稍受污染,RPI=(DO點數+BOD5點數+SS點數+NH3-N點數)/4；DO、BOD5、SS、NH3-N依環境部RPI級距轉換為1、3、6、10點後平均。,可計算
water,site,1093,平安大橋,苗栗縣,三灣鄉,中港溪流域,中港溪,120.9492131,24.6758869,2025/08,RPI,環境部環境資料開放平臺：河川水質監測資料 WQX_P_01,https://data.moenv.gov.tw/dataset/detail/WQX_P_01,https://wq.moenv.gov.tw/EWQP/zh/Encyclopedia/NounDefinition/Pedia_37.aspx,2025/8/4 09:00,8.1,<1.0,5.7,0.04,1,1,1,1,1,1.0,RPI,未受或稍受污染,RPI=(DO點數+BOD5點數+SS點數+NH3-N點數)/4；DO、BOD5、SS、NH3-N依環境部RPI級距轉換為1、3、6、10點後平均。,可計算
water,site,1093,平安大橋,苗栗縣,三灣鄉,中港溪流域,中港溪,120.9492131,24.6758869,2025/09,RPI,環境部環境資料開放平臺：河川水質監測資料 WQX_P_01,https://data.moenv.gov.tw/dataset/detail/WQX_P_01,https://wq.moenv.gov.tw/EWQP/zh/Encyclopedia/NounDefinition/Pedia_37.aspx,2025/9/12 11:30,8.2,<1.0,10.2,0.01,1,1,1,1,1,1.0,RPI,未受或稍受污染,RPI=(DO點數+BOD5點數+SS點數+NH3-N點數)/4；DO、BOD5、SS、NH3-N依環境部RPI級距轉換為1、3、6、10點後平均。,可計算
water,site,1093,平安大橋,苗栗縣,三灣鄉,中港溪流域,中港溪,120.9492131,24.6758869,2025/10,RPI,環境部環境資料開放平臺：河川水質監測資料 WQX_P_01,https://data.moenv.gov.tw/dataset/detail/WQX_P_01,https://wq.moenv.gov.tw/EWQP/zh/Encyclopedia/NounDefinition/Pedia_37.aspx,2025/10/16 09:40,8,<1.0,3.4,0.04,1,1,1,1,1,1.0,RPI,未受或稍受污染,RPI=(DO點數+BOD5點數+SS點數+NH3-N點數)/4；DO、BOD5、SS、NH3-N依環境部RPI級距轉換為1、3、6、10點後平均。,可計算
water,site,1093,平安大橋,苗栗縣,三灣鄉,中港溪流域,中港溪,120.9492131,24.6758869,2025/11,RPI,環境部環境資料開放平臺：河川水質監測資料 WQX_P_01,https://data.moenv.gov.tw/dataset/detail/WQX_P_01,https://wq.moenv.gov.tw/EWQP/zh/Encyclopedia/NounDefinition/Pedia_37.aspx,2025/11/10 13:30,8.5,<1.0,5.6,0.05,1,1,1,1,1,1.0,RPI,未受或稍受污染,RPI=(DO點數+BOD5點數+SS點數+NH3-N點數)/4；DO、BOD5、SS、NH3-N依環境部RPI級距轉換為1、3、6、10點後平均。,可計算
water,site,1093,平安大橋,苗栗縣,三灣鄉,中港溪流域,中港溪,120.9492131,24.6758869,2025/12,RPI,環境部環境資料開放平臺：河川水質監測資料 WQX_P_01,https://data.moenv.gov.tw/dataset/detail/WQX_P_01,https://wq.moenv.gov.tw/EWQP/zh/Encyclopedia/NounDefinition/Pedia_37.aspx,2025/12/10 13:30,10.4,<1.0,4.8,0.04,1,1,1,1,1,1.0,RPI,未受或稍受污染,RPI=(DO點數+BOD5點數+SS點數+NH3-N點數)/4；DO、BOD5、SS、NH3-N依環境部RPI級距轉換為1、3、6、10點後平均。,可計算
water,site,1094,東興大橋,苗栗縣,,中港溪流域,中港溪,120.9079069,24.6805519,2025/01,RPI,環境部環境資料開放平臺：河川水質監測資料 WQX_P_01,https://data.moenv.gov.tw/dataset/detail/WQX_P_01,https://wq.moenv.gov.tw/EWQP/zh/Encyclopedia/NounDefinition/Pedia_37.aspx,2025/1/3 12:00,9.4,<1.0,2.3,0.07,1,1,1,1,1,1.0,RPI,未受或稍受污染,RPI=(DO點數+BOD5點數+SS點數+NH3-N點數)/4；DO、BOD5、SS、NH3-N依環境部RPI級距轉換為1、3、6、10點後平均。,可計算
water,site,1094,東興大橋,苗栗縣,,中港溪流域,中港溪,120.9079069,24.6805519,2025/02,RPI,環境部環境資料開放平臺：河川水質監測資料 WQX_P_01,https://data.moenv.gov.tw/dataset/detail/WQX_P_01,https://wq.moenv.gov.tw/EWQP/zh/Encyclopedia/NounDefinition/Pedia_37.aspx,2025/2/3 12:30,-,-,-,-,-,,,,,,RPI,資料不足,RPI=(DO點數+BOD5點數+SS點數+NH3-N點數)/4；DO、BOD5、SS、NH3-N依環境部RPI級距轉換為1、3、6、10點後平均。,四項RPI參數不足
water,site,1094,東興大橋,苗栗縣,頭份市,中港溪流域,中港溪,120.9079069,24.6805519,2025/03,RPI,環境部環境資料開放平臺：河川水質監測資料 WQX_P_01,https://data.moenv.gov.tw/dataset/detail/WQX_P_01,https://wq.moenv.gov.tw/EWQP/zh/Encyclopedia/NounDefinition/Pedia_37.aspx,2025/3/5 14:40,9.3,2,67.8,0.16,2.25,1,1,6,1,2.25,RPI,輕度污染,RPI=(DO點數+BOD5點數+SS點數+NH3-N點數)/4；DO、BOD5、SS、NH3-N依環境部RPI級距轉換為1、3、6、10點後平均。,可計算
water,site,1094,東興大橋,苗栗縣,頭份市,中港溪流域,中港溪,120.9079069,24.6805519,2025/04,RPI,環境部環境資料開放平臺：河川水質監測資料 WQX_P_01,https://data.moenv.gov.tw/dataset/detail/WQX_P_01,https://wq.moenv.gov.tw/EWQP/zh/Encyclopedia/NounDefinition/Pedia_37.aspx,2025/4/7 10:30,10,1.2,3.4,0.07,1,1,1,1,1,1.0,RPI,未受或稍受污染,RPI=(DO點數+BOD5點數+SS點數+NH3-N點數)/4；DO、BOD5、SS、NH3-N依環境部RPI級距轉換為1、3、6、10點後平均。,可計算
water,site,1094,東興大橋,苗栗縣,頭份市,中港溪流域,中港溪,120.9079069,24.6805519,2025/05,RPI,環境部環境資料開放平臺：河川水質監測資料 WQX_P_01,https://data.moenv.gov.tw/dataset/detail/WQX_P_01,https://wq.moenv.gov.tw/EWQP/zh/Encyclopedia/NounDefinition/Pedia_37.aspx,2025/5/14 12:00,8.8,1.1,18.1,0.07,1,1,1,1,1,1.0,RPI,未受或稍受污染,RPI=(DO點數+BOD5點數+SS點數+NH3-N點數)/4；DO、BOD5、SS、NH3-N依環境部RPI級距轉換為1、3、6、10點後平均。,可計算
water,site,1094,東興大橋,苗栗縣,頭份市,中港溪流域,中港溪,120.9079069,24.6805519,2025/06,RPI,環境部環境資料開放平臺：河川水質監測資料 WQX_P_01,https://data.moenv.gov.tw/dataset/detail/WQX_P_01,https://wq.moenv.gov.tw/EWQP/zh/Encyclopedia/NounDefinition/Pedia_37.aspx,2025/6/4 10:10,8.8,<1.0,6.4,0.03,1,1,1,1,1,1.0,RPI,未受或稍受污染,RPI=(DO點數+BOD5點數+SS點數+NH3-N點數)/4；DO、BOD5、SS、NH3-N依環境部RPI級距轉換為1、3、6、10點後平均。,可計算
water,site,1094,東興大橋,苗栗縣,頭份市,中港溪流域,中港溪,120.9079069,24.6805519,2025/07,RPI,環境部環境資料開放平臺：河川水質監測資料 WQX_P_01,https://data.moenv.gov.tw/dataset/detail/WQX_P_01,https://wq.moenv.gov.tw/EWQP/zh/Encyclopedia/NounDefinition/Pedia_37.aspx,2025/7/4 10:10,7.6,<1.0,5.2,0.07,1,1,1,1,1,1.0,RPI,未受或稍受污染,RPI=(DO點數+BOD5點數+SS點數+NH3-N點數)/4；DO、BOD5、SS、NH3-N依環境部RPI級距轉換為1、3、6、10點後平均。,可計算
water,site,1094,東興大橋,苗栗縣,頭份市,中港溪流域,中港溪,120.9079069,24.6805519,2025/08,RPI,環境部環境資料開放平臺：河川水質監測資料 WQX_P_01,https://data.moenv.gov.tw/dataset/detail/WQX_P_01,https://wq.moenv.gov.tw/EWQP/zh/Encyclopedia/NounDefinition/Pedia_37.aspx,2025/8/4 10:00,8.4,<1.0,8.3,0.06,1,1,1,1,1,1.0,RPI,未受或稍受污染,RPI=(DO點數+BOD5點數+SS點數+NH3-N點數)/4；DO、BOD5、SS、NH3-N依環境部RPI級距轉換為1、3、6、10點後平均。,可計算
water,site,1094,東興大橋,苗栗縣,頭份市,中港溪流域,中港溪,120.9079069,24.6805519,2025/09,RPI,環境部環境資料開放平臺：河川水質監測資料 WQX_P_01,https://data.moenv.gov.tw/dataset/detail/WQX_P_01,https://wq.moenv.gov.tw/EWQP/zh/Encyclopedia/NounDefinition/Pedia_37.aspx,2025/9/12 12:31,8.5,<1.0,9.4,0.04,1,1,1,1,1,1.0,RPI,未受或稍受污染,RPI=(DO點數+BOD5點數+SS點數+NH3-N點數)/4；DO、BOD5、SS、NH3-N依環境部RPI級距轉換為1、3、6、10點後平均。,可計算
water,site,1094,東興大橋,苗栗縣,頭份市,中港溪流域,中港溪,120.9079069,24.6805519,2025/10,RPI,環境部環境資料開放平臺：河川水質監測資料 WQX_P_01,https://data.moenv.gov.tw/dataset/detail/WQX_P_01,https://wq.moenv.gov.tw/EWQP/zh/Encyclopedia/NounDefinition/Pedia_37.aspx,2025/10/16 10:40,7.5,<1.0,2.4,0.1,1,1,1,1,1,1.0,RPI,未受或稍受污染,RPI=(DO點數+BOD5點數+SS點數+NH3-N點數)/4；DO、BOD5、SS、NH3-N依環境部RPI級距轉換為1、3、6、10點後平均。,可計算
water,site,1094,東興大橋,苗栗縣,頭份市,中港溪流域,中港溪,120.9079069,24.6805519,2025/11,RPI,環境部環境資料開放平臺：河川水質監測資料 WQX_P_01,https://data.moenv.gov.tw/dataset/detail/WQX_P_01,https://wq.moenv.gov.tw/EWQP/zh/Encyclopedia/NounDefinition/Pedia_37.aspx,2025/11/10 14:30,8.6,<1.0,6.8,0.06,1,1,1,1,1,1.0,RPI,未受或稍受污染,RPI=(DO點數+BOD5點數+SS點數+NH3-N點數)/4；DO、BOD5、SS、NH3-N依環境部RPI級距轉換為1、3、6、10點後平均。,可計算
water,site,1094,東興大橋,苗栗縣,頭份市,中港溪流域,中港溪,120.9079069,24.6805519,2025/12,RPI,環境部環境資料開放平臺：河川水質監測資料 WQX_P_01,https://data.moenv.gov.tw/dataset/detail/WQX_P_01,https://wq.moenv.gov.tw/EWQP/zh/Encyclopedia/NounDefinition/Pedia_37.aspx,2025/12/10 14:30,8.8,<1.0,3.6,0.1,1,1,1,1,1,1.0,RPI,未受或稍受污染,RPI=(DO點數+BOD5點數+SS點數+NH3-N點數)/4；DO、BOD5、SS、NH3-N依環境部RPI級距轉換為1、3、6、10點後平均。,可計算
water,site,1095,尖山大橋(取代中港溪橋),苗栗縣,,中港溪流域,中港溪,120.8817,24.666946,2025/01,RPI,環境部環境資料開放平臺：河川水質監測資料 WQX_P_01,https://data.moenv.gov.tw/dataset/detail/WQX_P_01,https://wq.moenv.gov.tw/EWQP/zh/Encyclopedia/NounDefinition/Pedia_37.aspx,2025/1/3 06:35,6.4,2.7,15.2,1.92,2.75,3,1,1,6,2.75,RPI,輕度污染,RPI=(DO點數+BOD5點數+SS點數+NH3-N點數)/4；DO、BOD5、SS、NH3-N依環境部RPI級距轉換為1、3、6、10點後平均。,可計算
water,site,1095,尖山大橋(取代中港溪橋),苗栗縣,,中港溪流域,中港溪,120.8817,24.666946,2025/02,RPI,環境部環境資料開放平臺：河川水質監測資料 WQX_P_01,https://data.moenv.gov.tw/dataset/detail/WQX_P_01,https://wq.moenv.gov.tw/EWQP/zh/Encyclopedia/NounDefinition/Pedia_37.aspx,2025/2/3 07:40,5.7,3.9,20.7,1.54,3.75,3,3,3,6,3.75,RPI,中度污染,RPI=(DO點數+BOD5點數+SS點數+NH3-N點數)/4；DO、BOD5、SS、NH3-N依環境部RPI級距轉換為1、3、6、10點後平均。,可計算
water,site,1095,尖山大橋(取代中港溪橋),苗栗縣,頭份市,中港溪流域,中港溪,120.8817,24.666946,2025/03,RPI,環境部環境資料開放平臺：河川水質監測資料 WQX_P_01,https://data.moenv.gov.tw/dataset/detail/WQX_P_01,https://wq.moenv.gov.tw/EWQP/zh/Encyclopedia/NounDefinition/Pedia_37.aspx,2025/3/5 08:00,9.2,2.6,93.2,0.19,2.25,1,1,6,1,2.25,RPI,輕度污染,RPI=(DO點數+BOD5點數+SS點數+NH3-N點數)/4；DO、BOD5、SS、NH3-N依環境部RPI級距轉換為1、3、6、10點後平均。,可計算
water,site,1095,尖山大橋(取代中港溪橋),苗栗縣,頭份市,中港溪流域,中港溪,120.8817,24.666946,2025/04,RPI,環境部環境資料開放平臺：河川水質監測資料 WQX_P_01,https://data.moenv.gov.tw/dataset/detail/WQX_P_01,https://wq.moenv.gov.tw/EWQP/zh/Encyclopedia/NounDefinition/Pedia_37.aspx,2025/4/7 12:40,9.8,1.4,9.2,0.14,1,1,1,1,1,1.0,RPI,未受或稍受污染,RPI=(DO點數+BOD5點數+SS點數+NH3-N點數)/4；DO、BOD5、SS、NH3-N依環境部RPI級距轉換為1、3、6、10點後平均。,可計算
water,site,1095,尖山大橋(取代中港溪橋),苗栗縣,頭份市,中港溪流域,中港溪,120.8817,24.666946,2025/05,RPI,環境部環境資料開放平臺：河川水質監測資料 WQX_P_01,https://data.moenv.gov.tw/dataset/detail/WQX_P_01,https://wq.moenv.gov.tw/EWQP/zh/Encyclopedia/NounDefinition/Pedia_37.aspx,2025/5/14 05:30,8.5,1.3,26.4,0.12,1.5,1,1,3,1,1.5,RPI,未受或稍受污染,RPI=(DO點數+BOD5點數+SS點數+NH3-N點數)/4；DO、BOD5、SS、NH3-N依環境部RPI級距轉換為1、3、6、10點後平均。,可計算
water,site,1095,尖山大橋(取代中港溪橋),苗栗縣,頭份市,中港溪流域,中港溪,120.8817,24.666946,2025/06,RPI,環境部環境資料開放平臺：河川水質監測資料 WQX_P_01,https://data.moenv.gov.tw/dataset/detail/WQX_P_01,https://wq.moenv.gov.tw/EWQP/zh/Encyclopedia/NounDefinition/Pedia_37.aspx,2025/6/4 11:10,8.5,1.6,16.2,0.14,1,1,1,1,1,1.0,RPI,未受或稍受污染,RPI=(DO點數+BOD5點數+SS點數+NH3-N點數)/4；DO、BOD5、SS、NH3-N依環境部RPI級距轉換為1、3、6、10點後平均。,可計算
water,site,1095,尖山大橋(取代中港溪橋),苗栗縣,頭份市,中港溪流域,中港溪,120.8817,24.666946,2025/07,RPI,環境部環境資料開放平臺：河川水質監測資料 WQX_P_01,https://data.moenv.gov.tw/dataset/detail/WQX_P_01,https://wq.moenv.gov.tw/EWQP/zh/Encyclopedia/NounDefinition/Pedia_37.aspx,2025/7/4 11:14,6.6,<1.0,13.5,0.25,1,1,1,1,1,1.0,RPI,未受或稍受污染,RPI=(DO點數+BOD5點數+SS點數+NH3-N點數)/4；DO、BOD5、SS、NH3-N依環境部RPI級距轉換為1、3、6、10點後平均。,可計算
water,site,1095,尖山大橋(取代中港溪橋),苗栗縣,頭份市,中港溪流域,中港溪,120.8817,24.666946,2025/08,RPI,環境部環境資料開放平臺：河川水質監測資料 WQX_P_01,https://data.moenv.gov.tw/dataset/detail/WQX_P_01,https://wq.moenv.gov.tw/EWQP/zh/Encyclopedia/NounDefinition/Pedia_37.aspx,2025/8/4 12:30,-,-,-,-,-,,,,,,RPI,資料不足,RPI=(DO點數+BOD5點數+SS點數+NH3-N點數)/4；DO、BOD5、SS、NH3-N依環境部RPI級距轉換為1、3、6、10點後平均。,四項RPI參數不足
water,site,1095,尖山大橋(取代中港溪橋),苗栗縣,頭份市,中港溪流域,中港溪,120.8817,24.666946,2025/09,RPI,環境部環境資料開放平臺：河川水質監測資料 WQX_P_01,https://data.moenv.gov.tw/dataset/detail/WQX_P_01,https://wq.moenv.gov.tw/EWQP/zh/Encyclopedia/NounDefinition/Pedia_37.aspx,2025/9/12 07:00,6.9,<1.0,33,0.17,1.5,1,1,3,1,1.5,RPI,未受或稍受污染,RPI=(DO點數+BOD5點數+SS點數+NH3-N點數)/4；DO、BOD5、SS、NH3-N依環境部RPI級距轉換為1、3、6、10點後平均。,可計算
water,site,1095,尖山大橋(取代中港溪橋),苗栗縣,頭份市,中港溪流域,中港溪,120.8817,24.666946,2025/10,RPI,環境部環境資料開放平臺：河川水質監測資料 WQX_P_01,https://data.moenv.gov.tw/dataset/detail/WQX_P_01,https://wq.moenv.gov.tw/EWQP/zh/Encyclopedia/NounDefinition/Pedia_37.aspx,2025/10/16 12:40,6.9,1.2,27.3,1.31,2.75,1,1,3,6,2.75,RPI,輕度污染,RPI=(DO點數+BOD5點數+SS點數+NH3-N點數)/4；DO、BOD5、SS、NH3-N依環境部RPI級距轉換為1、3、6、10點後平均。,可計算
water,site,1095,尖山大橋(取代中港溪橋),苗栗縣,頭份市,中港溪流域,中港溪,120.8817,24.666946,2025/11,RPI,環境部環境資料開放平臺：河川水質監測資料 WQX_P_01,https://data.moenv.gov.tw/dataset/detail/WQX_P_01,https://wq.moenv.gov.tw/EWQP/zh/Encyclopedia/NounDefinition/Pedia_37.aspx,2025/11/10 07:30,5.1,<1.0,25.6,1.08,3.25,3,1,3,6,3.25,RPI,中度污染,RPI=(DO點數+BOD5點數+SS點數+NH3-N點數)/4；DO、BOD5、SS、NH3-N依環境部RPI級距轉換為1、3、6、10點後平均。,可計算
water,site,1095,尖山大橋(取代中港溪橋),苗栗縣,頭份市,中港溪流域,中港溪,120.8817,24.666946,2025/12,RPI,環境部環境資料開放平臺：河川水質監測資料 WQX_P_01,https://data.moenv.gov.tw/dataset/detail/WQX_P_01,https://wq.moenv.gov.tw/EWQP/zh/Encyclopedia/NounDefinition/Pedia_37.aspx,2025/12/10 08:15,5,1.4,13.1,1.97,2.75,3,1,1,6,2.75,RPI,輕度污染,RPI=(DO點數+BOD5點數+SS點數+NH3-N點數)/4；DO、BOD5、SS、NH3-N依環境部RPI級距轉換為1、3、6、10點後平均。,可計算
water,site,1662,永興橋,苗栗縣,,中港溪流域,中港溪,121.00581,24.617528,2025/01,RPI,環境部環境資料開放平臺：河川水質監測資料 WQX_P_01,https://data.moenv.gov.tw/dataset/detail/WQX_P_01,https://wq.moenv.gov.tw/EWQP/zh/Encyclopedia/NounDefinition/Pedia_37.aspx,2025/1/3 09:10,-,-,-,-,-,,,,,,RPI,資料不足,RPI=(DO點數+BOD5點數+SS點數+NH3-N點數)/4；DO、BOD5、SS、NH3-N依環境部RPI級距轉換為1、3、6、10點後平均。,四項RPI參數不足
water,site,1662,永興橋,苗栗縣,,中港溪流域,中港溪,121.00581,24.617528,2025/02,RPI,環境部環境資料開放平臺：河川水質監測資料 WQX_P_01,https://data.moenv.gov.tw/dataset/detail/WQX_P_01,https://wq.moenv.gov.tw/EWQP/zh/Encyclopedia/NounDefinition/Pedia_37.aspx,2025/2/3 09:50,-,-,-,-,-,,,,,,RPI,資料不足,RPI=(DO點數+BOD5點數+SS點數+NH3-N點數)/4；DO、BOD5、SS、NH3-N依環境部RPI級距轉換為1、3、6、10點後平均。,四項RPI參數不足
water,site,1662,永興橋,苗栗縣,南庄鄉,中港溪流域,中港溪,121.00581,24.617528,2025/03,RPI,環境部環境資料開放平臺：河川水質監測資料 WQX_P_01,https://data.moenv.gov.tw/dataset/detail/WQX_P_01,https://wq.moenv.gov.tw/EWQP/zh/Encyclopedia/NounDefinition/Pedia_37.aspx,2025/3/5 10:32,9.5,1.7,-,0.07,1,1,1,,1,,RPI,資料不足,RPI=(DO點數+BOD5點數+SS點數+NH3-N點數)/4；DO、BOD5、SS、NH3-N依環境部RPI級距轉換為1、3、6、10點後平均。,四項RPI參數不足
water,site,1662,永興橋,苗栗縣,南庄鄉,中港溪流域,中港溪,121.00581,24.617528,2025/04,RPI,環境部環境資料開放平臺：河川水質監測資料 WQX_P_01,https://data.moenv.gov.tw/dataset/detail/WQX_P_01,https://wq.moenv.gov.tw/EWQP/zh/Encyclopedia/NounDefinition/Pedia_37.aspx,2025/4/7 07:30,9.7,2.7,1.6,0.03,1,1,1,1,1,1.0,RPI,未受或稍受污染,RPI=(DO點數+BOD5點數+SS點數+NH3-N點數)/4；DO、BOD5、SS、NH3-N依環境部RPI級距轉換為1、3、6、10點後平均。,可計算
water,site,1662,永興橋,苗栗縣,南庄鄉,中港溪流域,中港溪,121.00581,24.617528,2025/05,RPI,環境部環境資料開放平臺：河川水質監測資料 WQX_P_01,https://data.moenv.gov.tw/dataset/detail/WQX_P_01,https://wq.moenv.gov.tw/EWQP/zh/Encyclopedia/NounDefinition/Pedia_37.aspx,2025/5/14 09:00,9,2.2,16.3,0.05,1,1,1,1,1,1.0,RPI,未受或稍受污染,RPI=(DO點數+BOD5點數+SS點數+NH3-N點數)/4；DO、BOD5、SS、NH3-N依環境部RPI級距轉換為1、3、6、10點後平均。,可計算
water,site,1662,永興橋,苗栗縣,南庄鄉,中港溪流域,中港溪,121.00581,24.617528,2025/06,RPI,環境部環境資料開放平臺：河川水質監測資料 WQX_P_01,https://data.moenv.gov.tw/dataset/detail/WQX_P_01,https://wq.moenv.gov.tw/EWQP/zh/Encyclopedia/NounDefinition/Pedia_37.aspx,2025/6/4 07:11,8.6,1.5,9.8,0.05,1,1,1,1,1,1.0,RPI,未受或稍受污染,RPI=(DO點數+BOD5點數+SS點數+NH3-N點數)/4；DO、BOD5、SS、NH3-N依環境部RPI級距轉換為1、3、6、10點後平均。,可計算
water,site,1662,永興橋,苗栗縣,南庄鄉,中港溪流域,中港溪,121.00581,24.617528,2025/07,RPI,環境部環境資料開放平臺：河川水質監測資料 WQX_P_01,https://data.moenv.gov.tw/dataset/detail/WQX_P_01,https://wq.moenv.gov.tw/EWQP/zh/Encyclopedia/NounDefinition/Pedia_37.aspx,2025/7/4 07:10,8.6,<1.0,5.4,0.04,1,1,1,1,1,1.0,RPI,未受或稍受污染,RPI=(DO點數+BOD5點數+SS點數+NH3-N點數)/4；DO、BOD5、SS、NH3-N依環境部RPI級距轉換為1、3、6、10點後平均。,可計算
water,site,1662,永興橋,苗栗縣,南庄鄉,中港溪流域,中港溪,121.00581,24.617528,2025/08,RPI,環境部環境資料開放平臺：河川水質監測資料 WQX_P_01,https://data.moenv.gov.tw/dataset/detail/WQX_P_01,https://wq.moenv.gov.tw/EWQP/zh/Encyclopedia/NounDefinition/Pedia_37.aspx,2025/8/4 07:01,8.3,<1.0,4,0.03,1,1,1,1,1,1.0,RPI,未受或稍受污染,RPI=(DO點數+BOD5點數+SS點數+NH3-N點數)/4；DO、BOD5、SS、NH3-N依環境部RPI級距轉換為1、3、6、10點後平均。,可計算
water,site,1662,永興橋,苗栗縣,南庄鄉,中港溪流域,中港溪,121.00581,24.617528,2025/09,RPI,環境部環境資料開放平臺：河川水質監測資料 WQX_P_01,https://data.moenv.gov.tw/dataset/detail/WQX_P_01,https://wq.moenv.gov.tw/EWQP/zh/Encyclopedia/NounDefinition/Pedia_37.aspx,2025/9/12 09:30,8.8,<1.0,1.9,0.03,1,1,1,1,1,1.0,RPI,未受或稍受污染,RPI=(DO點數+BOD5點數+SS點數+NH3-N點數)/4；DO、BOD5、SS、NH3-N依環境部RPI級距轉換為1、3、6、10點後平均。,可計算
water,site,1662,永興橋,苗栗縣,南庄鄉,中港溪流域,中港溪,121.00581,24.617528,2025/10,RPI,環境部環境資料開放平臺：河川水質監測資料 WQX_P_01,https://data.moenv.gov.tw/dataset/detail/WQX_P_01,https://wq.moenv.gov.tw/EWQP/zh/Encyclopedia/NounDefinition/Pedia_37.aspx,2025/10/16 07:40,-,-,-,-,-,,,,,,RPI,資料不足,RPI=(DO點數+BOD5點數+SS點數+NH3-N點數)/4；DO、BOD5、SS、NH3-N依環境部RPI級距轉換為1、3、6、10點後平均。,四項RPI參數不足
water,site,1662,永興橋,苗栗縣,南庄鄉,中港溪流域,中港溪,121.00581,24.617528,2025/11,RPI,環境部環境資料開放平臺：河川水質監測資料 WQX_P_01,https://data.moenv.gov.tw/dataset/detail/WQX_P_01,https://wq.moenv.gov.tw/EWQP/zh/Encyclopedia/NounDefinition/Pedia_37.aspx,2025/11/10 10:20,-,-,-,-,-,,,,,,RPI,資料不足,RPI=(DO點數+BOD5點數+SS點數+NH3-N點數)/4；DO、BOD5、SS、NH3-N依環境部RPI級距轉換為1、3、6、10點後平均。,四項RPI參數不足
water,site,1662,永興橋,苗栗縣,南庄鄉,中港溪流域,中港溪,121.00581,24.617528,2025/12,RPI,環境部環境資料開放平臺：河川水質監測資料 WQX_P_01,https://data.moenv.gov.tw/dataset/detail/WQX_P_01,https://wq.moenv.gov.tw/EWQP/zh/Encyclopedia/NounDefinition/Pedia_37.aspx,2025/12/10 10:30,-,-,-,-,-,,,,,,RPI,資料不足,RPI=(DO點數+BOD5點數+SS點數+NH3-N點數)/4；DO、BOD5、SS、NH3-N依環境部RPI級距轉換為1、3、6、10點後平均。,四項RPI參數不足
water,site,1680,五福大橋,苗栗縣,,中港溪流域,中港溪,120.8422806,24.6642083,2025/01,RPI,環境部環境資料開放平臺：河川水質監測資料 WQX_P_01,https://data.moenv.gov.tw/dataset/detail/WQX_P_01,https://wq.moenv.gov.tw/EWQP/zh/Encyclopedia/NounDefinition/Pedia_37.aspx,2025/1/3 07:35,6.1,2.7,18.9,1.35,2.75,3,1,1,6,2.75,RPI,輕度污染,RPI=(DO點數+BOD5點數+SS點數+NH3-N點數)/4；DO、BOD5、SS、NH3-N依環境部RPI級距轉換為1、3、6、10點後平均。,可計算
water,site,1680,五福大橋,苗栗縣,,中港溪流域,中港溪,120.8422806,24.6642083,2025/02,RPI,環境部環境資料開放平臺：河川水質監測資料 WQX_P_01,https://data.moenv.gov.tw/dataset/detail/WQX_P_01,https://wq.moenv.gov.tw/EWQP/zh/Encyclopedia/NounDefinition/Pedia_37.aspx,2025/2/3 08:30,6.8,1,24,1.48,2.75,1,1,3,6,2.75,RPI,輕度污染,RPI=(DO點數+BOD5點數+SS點數+NH3-N點數)/4；DO、BOD5、SS、NH3-N依環境部RPI級距轉換為1、3、6、10點後平均。,可計算
water,site,1680,五福大橋,苗栗縣,竹南鎮,中港溪流域,中港溪,120.8422806,24.6642083,2025/03,RPI,環境部環境資料開放平臺：河川水質監測資料 WQX_P_01,https://data.moenv.gov.tw/dataset/detail/WQX_P_01,https://wq.moenv.gov.tw/EWQP/zh/Encyclopedia/NounDefinition/Pedia_37.aspx,2025/3/5 08:50,8.4,3.4,671,0.29,3.75,1,3,10,1,3.75,RPI,中度污染,RPI=(DO點數+BOD5點數+SS點數+NH3-N點數)/4；DO、BOD5、SS、NH3-N依環境部RPI級距轉換為1、3、6、10點後平均。,可計算
water,site,1680,五福大橋,苗栗縣,竹南鎮,中港溪流域,中港溪,120.8422806,24.6642083,2025/04,RPI,環境部環境資料開放平臺：河川水質監測資料 WQX_P_01,https://data.moenv.gov.tw/dataset/detail/WQX_P_01,https://wq.moenv.gov.tw/EWQP/zh/Encyclopedia/NounDefinition/Pedia_37.aspx,2025/4/7 13:30,7.6,1.5,23.2,0.55,2,1,1,3,3,2.0,RPI,未受或稍受污染,RPI=(DO點數+BOD5點數+SS點數+NH3-N點數)/4；DO、BOD5、SS、NH3-N依環境部RPI級距轉換為1、3、6、10點後平均。,可計算
water,site,1680,五福大橋,苗栗縣,竹南鎮,中港溪流域,中港溪,120.8422806,24.6642083,2025/05,RPI,環境部環境資料開放平臺：河川水質監測資料 WQX_P_01,https://data.moenv.gov.tw/dataset/detail/WQX_P_01,https://wq.moenv.gov.tw/EWQP/zh/Encyclopedia/NounDefinition/Pedia_37.aspx,2025/5/14 06:25,7.9,1.4,49.7,0.29,1.5,1,1,3,1,1.5,RPI,未受或稍受污染,RPI=(DO點數+BOD5點數+SS點數+NH3-N點數)/4；DO、BOD5、SS、NH3-N依環境部RPI級距轉換為1、3、6、10點後平均。,可計算
water,site,1680,五福大橋,苗栗縣,竹南鎮,中港溪流域,中港溪,120.8422806,24.6642083,2025/06,RPI,環境部環境資料開放平臺：河川水質監測資料 WQX_P_01,https://data.moenv.gov.tw/dataset/detail/WQX_P_01,https://wq.moenv.gov.tw/EWQP/zh/Encyclopedia/NounDefinition/Pedia_37.aspx,2025/6/4 12:00,6.5,2,20.7,0.67,2,1,1,3,3,2.0,RPI,未受或稍受污染,RPI=(DO點數+BOD5點數+SS點數+NH3-N點數)/4；DO、BOD5、SS、NH3-N依環境部RPI級距轉換為1、3、6、10點後平均。,可計算
water,site,1680,五福大橋,苗栗縣,竹南鎮,中港溪流域,中港溪,120.8422806,24.6642083,2025/07,RPI,環境部環境資料開放平臺：河川水質監測資料 WQX_P_01,https://data.moenv.gov.tw/dataset/detail/WQX_P_01,https://wq.moenv.gov.tw/EWQP/zh/Encyclopedia/NounDefinition/Pedia_37.aspx,2025/7/4 12:01,8.8,4.8,44.2,1.21,3.25,1,3,3,6,3.25,RPI,中度污染,RPI=(DO點數+BOD5點數+SS點數+NH3-N點數)/4；DO、BOD5、SS、NH3-N依環境部RPI級距轉換為1、3、6、10點後平均。,可計算
water,site,1680,五福大橋,苗栗縣,竹南鎮,中港溪流域,中港溪,120.8422806,24.6642083,2025/08,RPI,環境部環境資料開放平臺：河川水質監測資料 WQX_P_01,https://data.moenv.gov.tw/dataset/detail/WQX_P_01,https://wq.moenv.gov.tw/EWQP/zh/Encyclopedia/NounDefinition/Pedia_37.aspx,2025/8/4 13:20,7.6,1.2,24.8,0.4,1.5,1,1,3,1,1.5,RPI,未受或稍受污染,RPI=(DO點數+BOD5點數+SS點數+NH3-N點數)/4；DO、BOD5、SS、NH3-N依環境部RPI級距轉換為1、3、6、10點後平均。,可計算
water,site,1680,五福大橋,苗栗縣,竹南鎮,中港溪流域,中港溪,120.8422806,24.6642083,2025/09,RPI,環境部環境資料開放平臺：河川水質監測資料 WQX_P_01,https://data.moenv.gov.tw/dataset/detail/WQX_P_01,https://wq.moenv.gov.tw/EWQP/zh/Encyclopedia/NounDefinition/Pedia_37.aspx,2025/9/12 08:00,5.1,<1.0,27,0.78,2.5,3,1,3,3,2.5,RPI,輕度污染,RPI=(DO點數+BOD5點數+SS點數+NH3-N點數)/4；DO、BOD5、SS、NH3-N依環境部RPI級距轉換為1、3、6、10點後平均。,可計算
water,site,1680,五福大橋,苗栗縣,竹南鎮,中港溪流域,中港溪,120.8422806,24.6642083,2025/10,RPI,環境部環境資料開放平臺：河川水質監測資料 WQX_P_01,https://data.moenv.gov.tw/dataset/detail/WQX_P_01,https://wq.moenv.gov.tw/EWQP/zh/Encyclopedia/NounDefinition/Pedia_37.aspx,2025/10/16 13:30,5.9,1.2,21.8,2.55,3.25,3,1,3,6,3.25,RPI,中度污染,RPI=(DO點數+BOD5點數+SS點數+NH3-N點數)/4；DO、BOD5、SS、NH3-N依環境部RPI級距轉換為1、3、6、10點後平均。,可計算
water,site,1680,五福大橋,苗栗縣,竹南鎮,中港溪流域,中港溪,120.8422806,24.6642083,2025/11,RPI,環境部環境資料開放平臺：河川水質監測資料 WQX_P_01,https://data.moenv.gov.tw/dataset/detail/WQX_P_01,https://wq.moenv.gov.tw/EWQP/zh/Encyclopedia/NounDefinition/Pedia_37.aspx,2025/11/10 08:20,6,<1.0,33.2,1.02,3.25,3,1,3,6,3.25,RPI,中度污染,RPI=(DO點數+BOD5點數+SS點數+NH3-N點數)/4；DO、BOD5、SS、NH3-N依環境部RPI級距轉換為1、3、6、10點後平均。,可計算
water,site,1680,五福大橋,苗栗縣,竹南鎮,中港溪流域,中港溪,120.8422806,24.6642083,2025/12,RPI,環境部環境資料開放平臺：河川水質監測資料 WQX_P_01,https://data.moenv.gov.tw/dataset/detail/WQX_P_01,https://wq.moenv.gov.tw/EWQP/zh/Encyclopedia/NounDefinition/Pedia_37.aspx,2025/12/10 09:05,5.2,<1.0,15.2,1.6,2.75,3,1,1,6,2.75,RPI,輕度污染,RPI=(DO點數+BOD5點數+SS點數+NH3-N點數)/4；DO、BOD5、SS、NH3-N依環境部RPI級距轉換為1、3、6、10點後平均。,可計算
water,site,1096,南港溪橋,苗栗縣,,中港溪流域,南港溪(苗),120.867851,24.6558989,2025/01,RPI,環境部環境資料開放平臺：河川水質監測資料 WQX_P_01,https://data.moenv.gov.tw/dataset/detail/WQX_P_01,https://wq.moenv.gov.tw/EWQP/zh/Encyclopedia/NounDefinition/Pedia_37.aspx,2025/1/3 07:00,4.8,5.4,21.6,1.63,4.5,3,6,3,6,4.5,RPI,中度污染,RPI=(DO點數+BOD5點數+SS點數+NH3-N點數)/4；DO、BOD5、SS、NH3-N依環境部RPI級距轉換為1、3、6、10點後平均。,可計算
water,site,1096,南港溪橋,苗栗縣,,中港溪流域,南港溪(苗),120.867851,24.6558989,2025/02,RPI,環境部環境資料開放平臺：河川水質監測資料 WQX_P_01,https://data.moenv.gov.tw/dataset/detail/WQX_P_01,https://wq.moenv.gov.tw/EWQP/zh/Encyclopedia/NounDefinition/Pedia_37.aspx,2025/2/3 08:00,3.9,2.7,40.9,3.54,5,6,1,3,10,5.0,RPI,中度污染,RPI=(DO點數+BOD5點數+SS點數+NH3-N點數)/4；DO、BOD5、SS、NH3-N依環境部RPI級距轉換為1、3、6、10點後平均。,可計算
water,site,1096,南港溪橋,苗栗縣,造橋鄉,中港溪流域,南港溪(苗),120.867851,24.6558989,2025/03,RPI,環境部環境資料開放平臺：河川水質監測資料 WQX_P_01,https://data.moenv.gov.tw/dataset/detail/WQX_P_01,https://wq.moenv.gov.tw/EWQP/zh/Encyclopedia/NounDefinition/Pedia_37.aspx,2025/3/5 08:20,8.1,2.8,401,0.3,3.25,1,1,10,1,3.25,RPI,中度污染,RPI=(DO點數+BOD5點數+SS點數+NH3-N點數)/4；DO、BOD5、SS、NH3-N依環境部RPI級距轉換為1、3、6、10點後平均。,可計算
water,site,1096,南港溪橋,苗栗縣,造橋鄉,中港溪流域,南港溪(苗),120.867851,24.6558989,2025/04,RPI,環境部環境資料開放平臺：河川水質監測資料 WQX_P_01,https://data.moenv.gov.tw/dataset/detail/WQX_P_01,https://wq.moenv.gov.tw/EWQP/zh/Encyclopedia/NounDefinition/Pedia_37.aspx,2025/4/7 13:00,7.1,2.1,35.3,0.64,2,1,1,3,3,2.0,RPI,未受或稍受污染,RPI=(DO點數+BOD5點數+SS點數+NH3-N點數)/4；DO、BOD5、SS、NH3-N依環境部RPI級距轉換為1、3、6、10點後平均。,可計算
water,site,1096,南港溪橋,苗栗縣,造橋鄉,中港溪流域,南港溪(苗),120.867851,24.6558989,2025/05,RPI,環境部環境資料開放平臺：河川水質監測資料 WQX_P_01,https://data.moenv.gov.tw/dataset/detail/WQX_P_01,https://wq.moenv.gov.tw/EWQP/zh/Encyclopedia/NounDefinition/Pedia_37.aspx,2025/5/14 06:10,7.4,1.4,38.4,0.21,1.5,1,1,3,1,1.5,RPI,未受或稍受污染,RPI=(DO點數+BOD5點數+SS點數+NH3-N點數)/4；DO、BOD5、SS、NH3-N依環境部RPI級距轉換為1、3、6、10點後平均。,可計算
water,site,1096,南港溪橋,苗栗縣,造橋鄉,中港溪流域,南港溪(苗),120.867851,24.6558989,2025/06,RPI,環境部環境資料開放平臺：河川水質監測資料 WQX_P_01,https://data.moenv.gov.tw/dataset/detail/WQX_P_01,https://wq.moenv.gov.tw/EWQP/zh/Encyclopedia/NounDefinition/Pedia_37.aspx,2025/6/4 11:30,6.5,1.4,25.2,0.36,1.5,1,1,3,1,1.5,RPI,未受或稍受污染,RPI=(DO點數+BOD5點數+SS點數+NH3-N點數)/4；DO、BOD5、SS、NH3-N依環境部RPI級距轉換為1、3、6、10點後平均。,可計算
water,site,1096,南港溪橋,苗栗縣,造橋鄉,中港溪流域,南港溪(苗),120.867851,24.6558989,2025/07,RPI,環境部環境資料開放平臺：河川水質監測資料 WQX_P_01,https://data.moenv.gov.tw/dataset/detail/WQX_P_01,https://wq.moenv.gov.tw/EWQP/zh/Encyclopedia/NounDefinition/Pedia_37.aspx,2025/7/4 11:30,7.5,6.5,55,0.55,4,1,6,6,3,4.0,RPI,中度污染,RPI=(DO點數+BOD5點數+SS點數+NH3-N點數)/4；DO、BOD5、SS、NH3-N依環境部RPI級距轉換為1、3、6、10點後平均。,可計算
water,site,1096,南港溪橋,苗栗縣,造橋鄉,中港溪流域,南港溪(苗),120.867851,24.6558989,2025/08,RPI,環境部環境資料開放平臺：河川水質監測資料 WQX_P_01,https://data.moenv.gov.tw/dataset/detail/WQX_P_01,https://wq.moenv.gov.tw/EWQP/zh/Encyclopedia/NounDefinition/Pedia_37.aspx,2025/8/4 13:00,6.9,<1.0,16.6,0.35,1,1,1,1,1,1.0,RPI,未受或稍受污染,RPI=(DO點數+BOD5點數+SS點數+NH3-N點數)/4；DO、BOD5、SS、NH3-N依環境部RPI級距轉換為1、3、6、10點後平均。,可計算
water,site,1096,南港溪橋,苗栗縣,造橋鄉,中港溪流域,南港溪(苗),120.867851,24.6558989,2025/09,RPI,環境部環境資料開放平臺：河川水質監測資料 WQX_P_01,https://data.moenv.gov.tw/dataset/detail/WQX_P_01,https://wq.moenv.gov.tw/EWQP/zh/Encyclopedia/NounDefinition/Pedia_37.aspx,2025/9/12 07:30,4.8,1.6,44.6,0.57,2.5,3,1,3,3,2.5,RPI,輕度污染,RPI=(DO點數+BOD5點數+SS點數+NH3-N點數)/4；DO、BOD5、SS、NH3-N依環境部RPI級距轉換為1、3、6、10點後平均。,可計算
water,site,1096,南港溪橋,苗栗縣,造橋鄉,中港溪流域,南港溪(苗),120.867851,24.6558989,2025/10,RPI,環境部環境資料開放平臺：河川水質監測資料 WQX_P_01,https://data.moenv.gov.tw/dataset/detail/WQX_P_01,https://wq.moenv.gov.tw/EWQP/zh/Encyclopedia/NounDefinition/Pedia_37.aspx,2025/10/16 13:00,6.1,3,36.2,16.8,4.25,3,1,3,10,4.25,RPI,中度污染,RPI=(DO點數+BOD5點數+SS點數+NH3-N點數)/4；DO、BOD5、SS、NH3-N依環境部RPI級距轉換為1、3、6、10點後平均。,可計算
water,site,1096,南港溪橋,苗栗縣,造橋鄉,中港溪流域,南港溪(苗),120.867851,24.6558989,2025/11,RPI,環境部環境資料開放平臺：河川水質監測資料 WQX_P_01,https://data.moenv.gov.tw/dataset/detail/WQX_P_01,https://wq.moenv.gov.tw/EWQP/zh/Encyclopedia/NounDefinition/Pedia_37.aspx,2025/11/10 08:00,5.3,1.8,45.1,1.58,3.25,3,1,3,6,3.25,RPI,中度污染,RPI=(DO點數+BOD5點數+SS點數+NH3-N點數)/4；DO、BOD5、SS、NH3-N依環境部RPI級距轉換為1、3、6、10點後平均。,可計算
water,site,1096,南港溪橋,苗栗縣,造橋鄉,中港溪流域,南港溪(苗),120.867851,24.6558989,2025/12,RPI,環境部環境資料開放平臺：河川水質監測資料 WQX_P_01,https://data.moenv.gov.tw/dataset/detail/WQX_P_01,https://wq.moenv.gov.tw/EWQP/zh/Encyclopedia/NounDefinition/Pedia_37.aspx,2025/12/10 08:40,4,1,41.9,1.93,4,6,1,3,6,4.0,RPI,中度污染,RPI=(DO點數+BOD5點數+SS點數+NH3-N點數)/4；DO、BOD5、SS、NH3-N依環境部RPI級距轉換為1、3、6、10點後平均。,可計算
water,site,1104,白布帆大橋,苗栗縣,,大安溪流域,大安溪,120.9105278,24.2943611,2025/01,RPI,環境部環境資料開放平臺：河川水質監測資料 WQX_P_01,https://data.moenv.gov.tw/dataset/detail/WQX_P_01,https://wq.moenv.gov.tw/EWQP/zh/Encyclopedia/NounDefinition/Pedia_37.aspx,2025/1/2 09:40,-,-,-,-,-,,,,,,RPI,資料不足,RPI=(DO點數+BOD5點數+SS點數+NH3-N點數)/4；DO、BOD5、SS、NH3-N依環境部RPI級距轉換為1、3、6、10點後平均。,四項RPI參數不足
water,site,1104,白布帆大橋,苗栗縣,,大安溪流域,大安溪,120.9105278,24.2943611,2025/02,RPI,環境部環境資料開放平臺：河川水質監測資料 WQX_P_01,https://data.moenv.gov.tw/dataset/detail/WQX_P_01,https://wq.moenv.gov.tw/EWQP/zh/Encyclopedia/NounDefinition/Pedia_37.aspx,2025/2/10 09:10,-,-,-,-,-,,,,,,RPI,資料不足,RPI=(DO點數+BOD5點數+SS點數+NH3-N點數)/4；DO、BOD5、SS、NH3-N依環境部RPI級距轉換為1、3、6、10點後平均。,四項RPI參數不足
water,site,1104,白布帆大橋,苗栗縣,卓蘭鎮,大安溪流域,大安溪,120.9105278,24.2943611,2025/03,RPI,環境部環境資料開放平臺：河川水質監測資料 WQX_P_01,https://data.moenv.gov.tw/dataset/detail/WQX_P_01,https://wq.moenv.gov.tw/EWQP/zh/Encyclopedia/NounDefinition/Pedia_37.aspx,2025/3/3 10:10,8.9,1.2,1.9,0.09,1,1,1,1,1,1.0,RPI,未受或稍受污染,RPI=(DO點數+BOD5點數+SS點數+NH3-N點數)/4；DO、BOD5、SS、NH3-N依環境部RPI級距轉換為1、3、6、10點後平均。,可計算
water,site,1104,白布帆大橋,苗栗縣,卓蘭鎮,大安溪流域,大安溪,120.9105278,24.2943611,2025/04,RPI,環境部環境資料開放平臺：河川水質監測資料 WQX_P_01,https://data.moenv.gov.tw/dataset/detail/WQX_P_01,https://wq.moenv.gov.tw/EWQP/zh/Encyclopedia/NounDefinition/Pedia_37.aspx,2025/4/8 08:40,8.9,<1.0,5.8,0.07,1,1,1,1,1,1.0,RPI,未受或稍受污染,RPI=(DO點數+BOD5點數+SS點數+NH3-N點數)/4；DO、BOD5、SS、NH3-N依環境部RPI級距轉換為1、3、6、10點後平均。,可計算
water,site,1104,白布帆大橋,苗栗縣,卓蘭鎮,大安溪流域,大安溪,120.9105278,24.2943611,2025/05,RPI,環境部環境資料開放平臺：河川水質監測資料 WQX_P_01,https://data.moenv.gov.tw/dataset/detail/WQX_P_01,https://wq.moenv.gov.tw/EWQP/zh/Encyclopedia/NounDefinition/Pedia_37.aspx,2025/5/2 10:30,8.5,<1.0,3.6,0.05,1,1,1,1,1,1.0,RPI,未受或稍受污染,RPI=(DO點數+BOD5點數+SS點數+NH3-N點數)/4；DO、BOD5、SS、NH3-N依環境部RPI級距轉換為1、3、6、10點後平均。,可計算
water,site,1104,白布帆大橋,苗栗縣,卓蘭鎮,大安溪流域,大安溪,120.9105278,24.2943611,2025/06,RPI,環境部環境資料開放平臺：河川水質監測資料 WQX_P_01,https://data.moenv.gov.tw/dataset/detail/WQX_P_01,https://wq.moenv.gov.tw/EWQP/zh/Encyclopedia/NounDefinition/Pedia_37.aspx,2025/6/5 08:01,9,1.1,349,0.06,3.25,1,1,10,1,3.25,RPI,中度污染,RPI=(DO點數+BOD5點數+SS點數+NH3-N點數)/4；DO、BOD5、SS、NH3-N依環境部RPI級距轉換為1、3、6、10點後平均。,可計算
water,site,1104,白布帆大橋,苗栗縣,卓蘭鎮,大安溪流域,大安溪,120.9105278,24.2943611,2025/07,RPI,環境部環境資料開放平臺：河川水質監測資料 WQX_P_01,https://data.moenv.gov.tw/dataset/detail/WQX_P_01,https://wq.moenv.gov.tw/EWQP/zh/Encyclopedia/NounDefinition/Pedia_37.aspx,2025/7/18 08:00,8.2,<1.0,1.6,0.05,1,1,1,1,1,1.0,RPI,未受或稍受污染,RPI=(DO點數+BOD5點數+SS點數+NH3-N點數)/4；DO、BOD5、SS、NH3-N依環境部RPI級距轉換為1、3、6、10點後平均。,可計算
water,site,1104,白布帆大橋,苗栗縣,卓蘭鎮,大安溪流域,大安溪,120.9105278,24.2943611,2025/08,RPI,環境部環境資料開放平臺：河川水質監測資料 WQX_P_01,https://data.moenv.gov.tw/dataset/detail/WQX_P_01,https://wq.moenv.gov.tw/EWQP/zh/Encyclopedia/NounDefinition/Pedia_37.aspx,2025/8/15 11:20,7.9,10.3,1.6,0.03,2.25,1,6,1,1,2.25,RPI,輕度污染,RPI=(DO點數+BOD5點數+SS點數+NH3-N點數)/4；DO、BOD5、SS、NH3-N依環境部RPI級距轉換為1、3、6、10點後平均。,可計算
water,site,1104,白布帆大橋,苗栗縣,卓蘭鎮,大安溪流域,大安溪,120.9105278,24.2943611,2025/09,RPI,環境部環境資料開放平臺：河川水質監測資料 WQX_P_01,https://data.moenv.gov.tw/dataset/detail/WQX_P_01,https://wq.moenv.gov.tw/EWQP/zh/Encyclopedia/NounDefinition/Pedia_37.aspx,2025/9/12 10:10,8.1,<1.0,13.7,0.02,1,1,1,1,1,1.0,RPI,未受或稍受污染,RPI=(DO點數+BOD5點數+SS點數+NH3-N點數)/4；DO、BOD5、SS、NH3-N依環境部RPI級距轉換為1、3、6、10點後平均。,可計算
water,site,1104,白布帆大橋,苗栗縣,卓蘭鎮,大安溪流域,大安溪,120.9105278,24.2943611,2025/10,RPI,環境部環境資料開放平臺：河川水質監測資料 WQX_P_01,https://data.moenv.gov.tw/dataset/detail/WQX_P_01,https://wq.moenv.gov.tw/EWQP/zh/Encyclopedia/NounDefinition/Pedia_37.aspx,2025/10/13 11:30,8.2,1,2.7,0.03,1,1,1,1,1,1.0,RPI,未受或稍受污染,RPI=(DO點數+BOD5點數+SS點數+NH3-N點數)/4；DO、BOD5、SS、NH3-N依環境部RPI級距轉換為1、3、6、10點後平均。,可計算
water,site,1104,白布帆大橋,苗栗縣,卓蘭鎮,大安溪流域,大安溪,120.9105278,24.2943611,2025/11,RPI,環境部環境資料開放平臺：河川水質監測資料 WQX_P_01,https://data.moenv.gov.tw/dataset/detail/WQX_P_01,https://wq.moenv.gov.tw/EWQP/zh/Encyclopedia/NounDefinition/Pedia_37.aspx,2025/11/5 09:00,8.4,<1.0,2,0.03,1,1,1,1,1,1.0,RPI,未受或稍受污染,RPI=(DO點數+BOD5點數+SS點數+NH3-N點數)/4；DO、BOD5、SS、NH3-N依環境部RPI級距轉換為1、3、6、10點後平均。,可計算
water,site,1104,白布帆大橋,苗栗縣,卓蘭鎮,大安溪流域,大安溪,120.9105278,24.2943611,2025/12,RPI,環境部環境資料開放平臺：河川水質監測資料 WQX_P_01,https://data.moenv.gov.tw/dataset/detail/WQX_P_01,https://wq.moenv.gov.tw/EWQP/zh/Encyclopedia/NounDefinition/Pedia_37.aspx,2025/12/3 08:40,8.8,<1.0,1.4,0.02,1,1,1,1,1,1.0,RPI,未受或稍受污染,RPI=(DO點數+BOD5點數+SS點數+NH3-N點數)/4；DO、BOD5、SS、NH3-N依環境部RPI級距轉換為1、3、6、10點後平均。,可計算
water,site,1105,卓蘭大橋(原為蘭勢橋),苗栗縣,,大安溪流域,大安溪,120.817321,24.307695,2025/01,RPI,環境部環境資料開放平臺：河川水質監測資料 WQX_P_01,https://data.moenv.gov.tw/dataset/detail/WQX_P_01,https://wq.moenv.gov.tw/EWQP/zh/Encyclopedia/NounDefinition/Pedia_37.aspx,2025/1/2 13:43,9.5,1.6,1.4,0.03,1,1,1,1,1,1.0,RPI,未受或稍受污染,RPI=(DO點數+BOD5點數+SS點數+NH3-N點數)/4；DO、BOD5、SS、NH3-N依環境部RPI級距轉換為1、3、6、10點後平均。,可計算
water,site,1105,卓蘭大橋(原為蘭勢橋),苗栗縣,,大安溪流域,大安溪,120.817321,24.307695,2025/02,RPI,環境部環境資料開放平臺：河川水質監測資料 WQX_P_01,https://data.moenv.gov.tw/dataset/detail/WQX_P_01,https://wq.moenv.gov.tw/EWQP/zh/Encyclopedia/NounDefinition/Pedia_37.aspx,2025/2/10 11:40,9.5,<1.0,2.2,0.04,1,1,1,1,1,1.0,RPI,未受或稍受污染,RPI=(DO點數+BOD5點數+SS點數+NH3-N點數)/4；DO、BOD5、SS、NH3-N依環境部RPI級距轉換為1、3、6、10點後平均。,可計算
water,site,1105,卓蘭大橋(原為蘭勢橋),苗栗縣,卓蘭鎮,大安溪流域,大安溪,120.817321,24.307695,2025/03,RPI,環境部環境資料開放平臺：河川水質監測資料 WQX_P_01,https://data.moenv.gov.tw/dataset/detail/WQX_P_01,https://wq.moenv.gov.tw/EWQP/zh/Encyclopedia/NounDefinition/Pedia_37.aspx,2025/3/3 13:51,9,<1.0,2.1,0.08,1,1,1,1,1,1.0,RPI,未受或稍受污染,RPI=(DO點數+BOD5點數+SS點數+NH3-N點數)/4；DO、BOD5、SS、NH3-N依環境部RPI級距轉換為1、3、6、10點後平均。,可計算
water,site,1105,卓蘭大橋(原為蘭勢橋),苗栗縣,卓蘭鎮,大安溪流域,大安溪,120.817321,24.307695,2025/04,RPI,環境部環境資料開放平臺：河川水質監測資料 WQX_P_01,https://data.moenv.gov.tw/dataset/detail/WQX_P_01,https://wq.moenv.gov.tw/EWQP/zh/Encyclopedia/NounDefinition/Pedia_37.aspx,2025/4/8 11:20,9.1,<1.0,2.6,0.08,1,1,1,1,1,1.0,RPI,未受或稍受污染,RPI=(DO點數+BOD5點數+SS點數+NH3-N點數)/4；DO、BOD5、SS、NH3-N依環境部RPI級距轉換為1、3、6、10點後平均。,可計算
water,site,1105,卓蘭大橋(原為蘭勢橋),苗栗縣,卓蘭鎮,大安溪流域,大安溪,120.817321,24.307695,2025/05,RPI,環境部環境資料開放平臺：河川水質監測資料 WQX_P_01,https://data.moenv.gov.tw/dataset/detail/WQX_P_01,https://wq.moenv.gov.tw/EWQP/zh/Encyclopedia/NounDefinition/Pedia_37.aspx,2025/5/2 14:00,8.5,<1.0,2.4,0.03,1,1,1,1,1,1.0,RPI,未受或稍受污染,RPI=(DO點數+BOD5點數+SS點數+NH3-N點數)/4；DO、BOD5、SS、NH3-N依環境部RPI級距轉換為1、3、6、10點後平均。,可計算
water,site,1105,卓蘭大橋(原為蘭勢橋),苗栗縣,卓蘭鎮,大安溪流域,大安溪,120.817321,24.307695,2025/06,RPI,環境部環境資料開放平臺：河川水質監測資料 WQX_P_01,https://data.moenv.gov.tw/dataset/detail/WQX_P_01,https://wq.moenv.gov.tw/EWQP/zh/Encyclopedia/NounDefinition/Pedia_37.aspx,2025/6/5 10:40,8.6,<1.0,261,0.05,3.25,1,1,10,1,3.25,RPI,中度污染,RPI=(DO點數+BOD5點數+SS點數+NH3-N點數)/4；DO、BOD5、SS、NH3-N依環境部RPI級距轉換為1、3、6、10點後平均。,可計算
water,site,1105,卓蘭大橋(原為蘭勢橋),苗栗縣,卓蘭鎮,大安溪流域,大安溪,120.817321,24.307695,2025/07,RPI,環境部環境資料開放平臺：河川水質監測資料 WQX_P_01,https://data.moenv.gov.tw/dataset/detail/WQX_P_01,https://wq.moenv.gov.tw/EWQP/zh/Encyclopedia/NounDefinition/Pedia_37.aspx,2025/7/18 13:50,7.7,<1.0,4.5,0.05,1,1,1,1,1,1.0,RPI,未受或稍受污染,RPI=(DO點數+BOD5點數+SS點數+NH3-N點數)/4；DO、BOD5、SS、NH3-N依環境部RPI級距轉換為1、3、6、10點後平均。,可計算
water,site,1105,卓蘭大橋(原為蘭勢橋),苗栗縣,卓蘭鎮,大安溪流域,大安溪,120.817321,24.307695,2025/08,RPI,環境部環境資料開放平臺：河川水質監測資料 WQX_P_01,https://data.moenv.gov.tw/dataset/detail/WQX_P_01,https://wq.moenv.gov.tw/EWQP/zh/Encyclopedia/NounDefinition/Pedia_37.aspx,2025/8/15 15:10,7.7,<1.0,7.7,0.03,1,1,1,1,1,1.0,RPI,未受或稍受污染,RPI=(DO點數+BOD5點數+SS點數+NH3-N點數)/4；DO、BOD5、SS、NH3-N依環境部RPI級距轉換為1、3、6、10點後平均。,可計算
water,site,1105,卓蘭大橋(原為蘭勢橋),苗栗縣,卓蘭鎮,大安溪流域,大安溪,120.817321,24.307695,2025/09,RPI,環境部環境資料開放平臺：河川水質監測資料 WQX_P_01,https://data.moenv.gov.tw/dataset/detail/WQX_P_01,https://wq.moenv.gov.tw/EWQP/zh/Encyclopedia/NounDefinition/Pedia_37.aspx,2025/9/12 14:00,8.4,<1.0,6.8,0.02,1,1,1,1,1,1.0,RPI,未受或稍受污染,RPI=(DO點數+BOD5點數+SS點數+NH3-N點數)/4；DO、BOD5、SS、NH3-N依環境部RPI級距轉換為1、3、6、10點後平均。,可計算
water,site,1105,卓蘭大橋(原為蘭勢橋),苗栗縣,卓蘭鎮,大安溪流域,大安溪,120.817321,24.307695,2025/10,RPI,環境部環境資料開放平臺：河川水質監測資料 WQX_P_01,https://data.moenv.gov.tw/dataset/detail/WQX_P_01,https://wq.moenv.gov.tw/EWQP/zh/Encyclopedia/NounDefinition/Pedia_37.aspx,2025/10/13 15:00,8.5,<1.0,4.3,0.04,1,1,1,1,1,1.0,RPI,未受或稍受污染,RPI=(DO點數+BOD5點數+SS點數+NH3-N點數)/4；DO、BOD5、SS、NH3-N依環境部RPI級距轉換為1、3、6、10點後平均。,可計算
water,site,1105,卓蘭大橋(原為蘭勢橋),苗栗縣,卓蘭鎮,大安溪流域,大安溪,120.817321,24.307695,2025/11,RPI,環境部環境資料開放平臺：河川水質監測資料 WQX_P_01,https://data.moenv.gov.tw/dataset/detail/WQX_P_01,https://wq.moenv.gov.tw/EWQP/zh/Encyclopedia/NounDefinition/Pedia_37.aspx,2025/11/5 11:40,8.9,<1.0,3.2,0.03,1,1,1,1,1,1.0,RPI,未受或稍受污染,RPI=(DO點數+BOD5點數+SS點數+NH3-N點數)/4；DO、BOD5、SS、NH3-N依環境部RPI級距轉換為1、3、6、10點後平均。,可計算
water,site,1105,卓蘭大橋(原為蘭勢橋),苗栗縣,卓蘭鎮,大安溪流域,大安溪,120.817321,24.307695,2025/12,RPI,環境部環境資料開放平臺：河川水質監測資料 WQX_P_01,https://data.moenv.gov.tw/dataset/detail/WQX_P_01,https://wq.moenv.gov.tw/EWQP/zh/Encyclopedia/NounDefinition/Pedia_37.aspx,2025/12/3 11:00,9.5,<1.0,2,0.01,1,1,1,1,1,1.0,RPI,未受或稍受污染,RPI=(DO點數+BOD5點數+SS點數+NH3-N點數)/4；DO、BOD5、SS、NH3-N依環境部RPI級距轉換為1、3、6、10點後平均。,可計算
water,site,1106,義里大橋,苗栗縣,,大安溪流域,大安溪,120.7342222,24.3486667,2025/01,RPI,環境部環境資料開放平臺：河川水質監測資料 WQX_P_01,https://data.moenv.gov.tw/dataset/detail/WQX_P_01,https://wq.moenv.gov.tw/EWQP/zh/Encyclopedia/NounDefinition/Pedia_37.aspx,2025/1/2 14:40,-,-,-,-,-,,,,,,RPI,資料不足,RPI=(DO點數+BOD5點數+SS點數+NH3-N點數)/4；DO、BOD5、SS、NH3-N依環境部RPI級距轉換為1、3、6、10點後平均。,四項RPI參數不足
water,site,1106,義里大橋,苗栗縣,,大安溪流域,大安溪,120.7342222,24.3486667,2025/02,RPI,環境部環境資料開放平臺：河川水質監測資料 WQX_P_01,https://data.moenv.gov.tw/dataset/detail/WQX_P_01,https://wq.moenv.gov.tw/EWQP/zh/Encyclopedia/NounDefinition/Pedia_37.aspx,2025/2/10 14:00,9.1,<1.0,7.6,0.05,1,1,1,1,1,1.0,RPI,未受或稍受污染,RPI=(DO點數+BOD5點數+SS點數+NH3-N點數)/4；DO、BOD5、SS、NH3-N依環境部RPI級距轉換為1、3、6、10點後平均。,可計算
water,site,1106,義里大橋,苗栗縣,三義鄉,大安溪流域,大安溪,120.7342222,24.3486667,2025/03,RPI,環境部環境資料開放平臺：河川水質監測資料 WQX_P_01,https://data.moenv.gov.tw/dataset/detail/WQX_P_01,https://wq.moenv.gov.tw/EWQP/zh/Encyclopedia/NounDefinition/Pedia_37.aspx,2025/3/3 14:50,-,-,-,-,-,,,,,,RPI,資料不足,RPI=(DO點數+BOD5點數+SS點數+NH3-N點數)/4；DO、BOD5、SS、NH3-N依環境部RPI級距轉換為1、3、6、10點後平均。,四項RPI參數不足
water,site,1106,義里大橋,苗栗縣,三義鄉,大安溪流域,大安溪,120.7342222,24.3486667,2025/04,RPI,環境部環境資料開放平臺：河川水質監測資料 WQX_P_01,https://data.moenv.gov.tw/dataset/detail/WQX_P_01,https://wq.moenv.gov.tw/EWQP/zh/Encyclopedia/NounDefinition/Pedia_37.aspx,2025/4/8 13:40,8.1,<1.0,133,0.08,3.25,1,1,10,1,3.25,RPI,中度污染,RPI=(DO點數+BOD5點數+SS點數+NH3-N點數)/4；DO、BOD5、SS、NH3-N依環境部RPI級距轉換為1、3、6、10點後平均。,可計算
water,site,1106,義里大橋,苗栗縣,三義鄉,大安溪流域,大安溪,120.7342222,24.3486667,2025/05,RPI,環境部環境資料開放平臺：河川水質監測資料 WQX_P_01,https://data.moenv.gov.tw/dataset/detail/WQX_P_01,https://wq.moenv.gov.tw/EWQP/zh/Encyclopedia/NounDefinition/Pedia_37.aspx,2025/5/2 15:00,8.6,<1.0,10.6,0.05,1,1,1,1,1,1.0,RPI,未受或稍受污染,RPI=(DO點數+BOD5點數+SS點數+NH3-N點數)/4；DO、BOD5、SS、NH3-N依環境部RPI級距轉換為1、3、6、10點後平均。,可計算
water,site,1106,義里大橋,苗栗縣,三義鄉,大安溪流域,大安溪,120.7342222,24.3486667,2025/06,RPI,環境部環境資料開放平臺：河川水質監測資料 WQX_P_01,https://data.moenv.gov.tw/dataset/detail/WQX_P_01,https://wq.moenv.gov.tw/EWQP/zh/Encyclopedia/NounDefinition/Pedia_37.aspx,2025/6/5 14:30,8.2,1.2,662,0.1,3.25,1,1,10,1,3.25,RPI,中度污染,RPI=(DO點數+BOD5點數+SS點數+NH3-N點數)/4；DO、BOD5、SS、NH3-N依環境部RPI級距轉換為1、3、6、10點後平均。,可計算
water,site,1106,義里大橋,苗栗縣,三義鄉,大安溪流域,大安溪,120.7342222,24.3486667,2025/07,RPI,環境部環境資料開放平臺：河川水質監測資料 WQX_P_01,https://data.moenv.gov.tw/dataset/detail/WQX_P_01,https://wq.moenv.gov.tw/EWQP/zh/Encyclopedia/NounDefinition/Pedia_37.aspx,2025/7/18 14:50,7.6,<1.0,12.1,0.04,1,1,1,1,1,1.0,RPI,未受或稍受污染,RPI=(DO點數+BOD5點數+SS點數+NH3-N點數)/4；DO、BOD5、SS、NH3-N依環境部RPI級距轉換為1、3、6、10點後平均。,可計算
water,site,1106,義里大橋,苗栗縣,三義鄉,大安溪流域,大安溪,120.7342222,24.3486667,2025/08,RPI,環境部環境資料開放平臺：河川水質監測資料 WQX_P_01,https://data.moenv.gov.tw/dataset/detail/WQX_P_01,https://wq.moenv.gov.tw/EWQP/zh/Encyclopedia/NounDefinition/Pedia_37.aspx,2025/8/15 16:10,8,<1.0,14.6,0.03,1,1,1,1,1,1.0,RPI,未受或稍受污染,RPI=(DO點數+BOD5點數+SS點數+NH3-N點數)/4；DO、BOD5、SS、NH3-N依環境部RPI級距轉換為1、3、6、10點後平均。,可計算
water,site,1106,義里大橋,苗栗縣,三義鄉,大安溪流域,大安溪,120.7342222,24.3486667,2025/09,RPI,環境部環境資料開放平臺：河川水質監測資料 WQX_P_01,https://data.moenv.gov.tw/dataset/detail/WQX_P_01,https://wq.moenv.gov.tw/EWQP/zh/Encyclopedia/NounDefinition/Pedia_37.aspx,2025/9/12 15:00,8.1,<1.0,3.8,0.02,1,1,1,1,1,1.0,RPI,未受或稍受污染,RPI=(DO點數+BOD5點數+SS點數+NH3-N點數)/4；DO、BOD5、SS、NH3-N依環境部RPI級距轉換為1、3、6、10點後平均。,可計算
water,site,1106,義里大橋,苗栗縣,三義鄉,大安溪流域,大安溪,120.7342222,24.3486667,2025/10,RPI,環境部環境資料開放平臺：河川水質監測資料 WQX_P_01,https://data.moenv.gov.tw/dataset/detail/WQX_P_01,https://wq.moenv.gov.tw/EWQP/zh/Encyclopedia/NounDefinition/Pedia_37.aspx,2025/10/13 16:00,-,-,-,-,-,,,,,,RPI,資料不足,RPI=(DO點數+BOD5點數+SS點數+NH3-N點數)/4；DO、BOD5、SS、NH3-N依環境部RPI級距轉換為1、3、6、10點後平均。,四項RPI參數不足
water,site,1106,義里大橋,苗栗縣,三義鄉,大安溪流域,大安溪,120.7342222,24.3486667,2025/11,RPI,環境部環境資料開放平臺：河川水質監測資料 WQX_P_01,https://data.moenv.gov.tw/dataset/detail/WQX_P_01,https://wq.moenv.gov.tw/EWQP/zh/Encyclopedia/NounDefinition/Pedia_37.aspx,2025/11/5 14:00,8.1,<1.0,4.2,0.03,1,1,1,1,1,1.0,RPI,未受或稍受污染,RPI=(DO點數+BOD5點數+SS點數+NH3-N點數)/4；DO、BOD5、SS、NH3-N依環境部RPI級距轉換為1、3、6、10點後平均。,可計算
water,site,1106,義里大橋,苗栗縣,三義鄉,大安溪流域,大安溪,120.7342222,24.3486667,2025/12,RPI,環境部環境資料開放平臺：河川水質監測資料 WQX_P_01,https://data.moenv.gov.tw/dataset/detail/WQX_P_01,https://wq.moenv.gov.tw/EWQP/zh/Encyclopedia/NounDefinition/Pedia_37.aspx,2025/12/3 13:30,-,-,-,-,-,,,,,,RPI,資料不足,RPI=(DO點數+BOD5點數+SS點數+NH3-N點數)/4；DO、BOD5、SS、NH3-N依環境部RPI級距轉換為1、3、6、10點後平均。,四項RPI參數不足
water,site,1682,象鼻大橋,苗栗縣,,大安溪流域,大安溪,120.9467778,24.3574722,2025/01,RPI,環境部環境資料開放平臺：河川水質監測資料 WQX_P_01,https://data.moenv.gov.tw/dataset/detail/WQX_P_01,https://wq.moenv.gov.tw/EWQP/zh/Encyclopedia/NounDefinition/Pedia_37.aspx,2025/1/2 08:31,9.3,1.1,28.9,0.04,1.5,1,1,3,1,1.5,RPI,未受或稍受污染,RPI=(DO點數+BOD5點數+SS點數+NH3-N點數)/4；DO、BOD5、SS、NH3-N依環境部RPI級距轉換為1、3、6、10點後平均。,可計算
water,site,1682,象鼻大橋,苗栗縣,,大安溪流域,大安溪,120.9467778,24.3574722,2025/02,RPI,環境部環境資料開放平臺：河川水質監測資料 WQX_P_01,https://data.moenv.gov.tw/dataset/detail/WQX_P_01,https://wq.moenv.gov.tw/EWQP/zh/Encyclopedia/NounDefinition/Pedia_37.aspx,2025/2/10 08:00,9.8,8.7,2.6,0.09,2.25,1,6,1,1,2.25,RPI,輕度污染,RPI=(DO點數+BOD5點數+SS點數+NH3-N點數)/4；DO、BOD5、SS、NH3-N依環境部RPI級距轉換為1、3、6、10點後平均。,可計算
water,site,1682,象鼻大橋,苗栗縣,泰安鄉,大安溪流域,大安溪,120.9467778,24.3574722,2025/03,RPI,環境部環境資料開放平臺：河川水質監測資料 WQX_P_01,https://data.moenv.gov.tw/dataset/detail/WQX_P_01,https://wq.moenv.gov.tw/EWQP/zh/Encyclopedia/NounDefinition/Pedia_37.aspx,2025/3/3 09:00,9.8,<1.0,1.9,0.09,1,1,1,1,1,1.0,RPI,未受或稍受污染,RPI=(DO點數+BOD5點數+SS點數+NH3-N點數)/4；DO、BOD5、SS、NH3-N依環境部RPI級距轉換為1、3、6、10點後平均。,可計算
water,site,1682,象鼻大橋,苗栗縣,泰安鄉,大安溪流域,大安溪,120.9467778,24.3574722,2025/04,RPI,環境部環境資料開放平臺：河川水質監測資料 WQX_P_01,https://data.moenv.gov.tw/dataset/detail/WQX_P_01,https://wq.moenv.gov.tw/EWQP/zh/Encyclopedia/NounDefinition/Pedia_37.aspx,2025/4/8 07:30,9,<1.0,10,0.08,1,1,1,1,1,1.0,RPI,未受或稍受污染,RPI=(DO點數+BOD5點數+SS點數+NH3-N點數)/4；DO、BOD5、SS、NH3-N依環境部RPI級距轉換為1、3、6、10點後平均。,可計算
water,site,1682,象鼻大橋,苗栗縣,泰安鄉,大安溪流域,大安溪,120.9467778,24.3574722,2025/05,RPI,環境部環境資料開放平臺：河川水質監測資料 WQX_P_01,https://data.moenv.gov.tw/dataset/detail/WQX_P_01,https://wq.moenv.gov.tw/EWQP/zh/Encyclopedia/NounDefinition/Pedia_37.aspx,2025/5/2 09:20,8.9,<1.0,2.6,0.02,1,1,1,1,1,1.0,RPI,未受或稍受污染,RPI=(DO點數+BOD5點數+SS點數+NH3-N點數)/4；DO、BOD5、SS、NH3-N依環境部RPI級距轉換為1、3、6、10點後平均。,可計算
water,site,1682,象鼻大橋,苗栗縣,泰安鄉,大安溪流域,大安溪,120.9467778,24.3574722,2025/06,RPI,環境部環境資料開放平臺：河川水質監測資料 WQX_P_01,https://data.moenv.gov.tw/dataset/detail/WQX_P_01,https://wq.moenv.gov.tw/EWQP/zh/Encyclopedia/NounDefinition/Pedia_37.aspx,2025/6/5 06:50,8.8,<1.0,554,0.09,3.25,1,1,10,1,3.25,RPI,中度污染,RPI=(DO點數+BOD5點數+SS點數+NH3-N點數)/4；DO、BOD5、SS、NH3-N依環境部RPI級距轉換為1、3、6、10點後平均。,可計算
water,site,1682,象鼻大橋,苗栗縣,泰安鄉,大安溪流域,大安溪,120.9467778,24.3574722,2025/07,RPI,環境部環境資料開放平臺：河川水質監測資料 WQX_P_01,https://data.moenv.gov.tw/dataset/detail/WQX_P_01,https://wq.moenv.gov.tw/EWQP/zh/Encyclopedia/NounDefinition/Pedia_37.aspx,2025/7/18 07:00,8.4,<1.0,7.6,0.05,1,1,1,1,1,1.0,RPI,未受或稍受污染,RPI=(DO點數+BOD5點數+SS點數+NH3-N點數)/4；DO、BOD5、SS、NH3-N依環境部RPI級距轉換為1、3、6、10點後平均。,可計算
water,site,1682,象鼻大橋,苗栗縣,泰安鄉,大安溪流域,大安溪,120.9467778,24.3574722,2025/08,RPI,環境部環境資料開放平臺：河川水質監測資料 WQX_P_01,https://data.moenv.gov.tw/dataset/detail/WQX_P_01,https://wq.moenv.gov.tw/EWQP/zh/Encyclopedia/NounDefinition/Pedia_37.aspx,2025/8/15 10:10,8.2,<1.0,2.8,0.03,1,1,1,1,1,1.0,RPI,未受或稍受污染,RPI=(DO點數+BOD5點數+SS點數+NH3-N點數)/4；DO、BOD5、SS、NH3-N依環境部RPI級距轉換為1、3、6、10點後平均。,可計算
water,site,1682,象鼻大橋,苗栗縣,泰安鄉,大安溪流域,大安溪,120.9467778,24.3574722,2025/09,RPI,環境部環境資料開放平臺：河川水質監測資料 WQX_P_01,https://data.moenv.gov.tw/dataset/detail/WQX_P_01,https://wq.moenv.gov.tw/EWQP/zh/Encyclopedia/NounDefinition/Pedia_37.aspx,2025/9/12 09:00,8.4,<1.0,21,0.02,1.5,1,1,3,1,1.5,RPI,未受或稍受污染,RPI=(DO點數+BOD5點數+SS點數+NH3-N點數)/4；DO、BOD5、SS、NH3-N依環境部RPI級距轉換為1、3、6、10點後平均。,可計算
water,site,1682,象鼻大橋,苗栗縣,泰安鄉,大安溪流域,大安溪,120.9467778,24.3574722,2025/10,RPI,環境部環境資料開放平臺：河川水質監測資料 WQX_P_01,https://data.moenv.gov.tw/dataset/detail/WQX_P_01,https://wq.moenv.gov.tw/EWQP/zh/Encyclopedia/NounDefinition/Pedia_37.aspx,2025/10/13 10:20,8.5,<1.0,3.4,0.03,1,1,1,1,1,1.0,RPI,未受或稍受污染,RPI=(DO點數+BOD5點數+SS點數+NH3-N點數)/4；DO、BOD5、SS、NH3-N依環境部RPI級距轉換為1、3、6、10點後平均。,可計算
water,site,1682,象鼻大橋,苗栗縣,泰安鄉,大安溪流域,大安溪,120.9467778,24.3574722,2025/11,RPI,環境部環境資料開放平臺：河川水質監測資料 WQX_P_01,https://data.moenv.gov.tw/dataset/detail/WQX_P_01,https://wq.moenv.gov.tw/EWQP/zh/Encyclopedia/NounDefinition/Pedia_37.aspx,2025/11/5 08:00,8.5,<1.0,2,0.04,1,1,1,1,1,1.0,RPI,未受或稍受污染,RPI=(DO點數+BOD5點數+SS點數+NH3-N點數)/4；DO、BOD5、SS、NH3-N依環境部RPI級距轉換為1、3、6、10點後平均。,可計算
water,site,1682,象鼻大橋,苗栗縣,泰安鄉,大安溪流域,大安溪,120.9467778,24.3574722,2025/12,RPI,環境部環境資料開放平臺：河川水質監測資料 WQX_P_01,https://data.moenv.gov.tw/dataset/detail/WQX_P_01,https://wq.moenv.gov.tw/EWQP/zh/Encyclopedia/NounDefinition/Pedia_37.aspx,2025/12/3 07:30,9,<1.0,1.6,0.28,1,1,1,1,1,1.0,RPI,未受或稍受污染,RPI=(DO點數+BOD5點數+SS點數+NH3-N點數)/4；DO、BOD5、SS、NH3-N依環境部RPI級距轉換為1、3、6、10點後平均。,可計算
water,site,1097,龜山橋,苗栗縣,,後龍溪流域,後龍溪,120.8159169,24.53644,2025/01,RPI,環境部環境資料開放平臺：河川水質監測資料 WQX_P_01,https://data.moenv.gov.tw/dataset/detail/WQX_P_01,https://wq.moenv.gov.tw/EWQP/zh/Encyclopedia/NounDefinition/Pedia_37.aspx,2025/1/2 09:30,-,-,-,-,-,,,,,,RPI,資料不足,RPI=(DO點數+BOD5點數+SS點數+NH3-N點數)/4；DO、BOD5、SS、NH3-N依環境部RPI級距轉換為1、3、6、10點後平均。,四項RPI參數不足
water,site,1097,龜山橋,苗栗縣,,後龍溪流域,後龍溪,120.8159169,24.53644,2025/02,RPI,環境部環境資料開放平臺：河川水質監測資料 WQX_P_01,https://data.moenv.gov.tw/dataset/detail/WQX_P_01,https://wq.moenv.gov.tw/EWQP/zh/Encyclopedia/NounDefinition/Pedia_37.aspx,2025/2/10 11:00,-,-,-,-,-,,,,,,RPI,資料不足,RPI=(DO點數+BOD5點數+SS點數+NH3-N點數)/4；DO、BOD5、SS、NH3-N依環境部RPI級距轉換為1、3、6、10點後平均。,四項RPI參數不足
water,site,1097,龜山橋,苗栗縣,公館鄉,後龍溪流域,後龍溪,120.8159169,24.53644,2025/03,RPI,環境部環境資料開放平臺：河川水質監測資料 WQX_P_01,https://data.moenv.gov.tw/dataset/detail/WQX_P_01,https://wq.moenv.gov.tw/EWQP/zh/Encyclopedia/NounDefinition/Pedia_37.aspx,2025/3/3 09:30,-,-,-,-,-,,,,,,RPI,資料不足,RPI=(DO點數+BOD5點數+SS點數+NH3-N點數)/4；DO、BOD5、SS、NH3-N依環境部RPI級距轉換為1、3、6、10點後平均。,四項RPI參數不足
water,site,1097,龜山橋,苗栗縣,公館鄉,後龍溪流域,後龍溪,120.8159169,24.53644,2025/04,RPI,環境部環境資料開放平臺：河川水質監測資料 WQX_P_01,https://data.moenv.gov.tw/dataset/detail/WQX_P_01,https://wq.moenv.gov.tw/EWQP/zh/Encyclopedia/NounDefinition/Pedia_37.aspx,2025/4/8 09:30,10.1,<1.0,4.2,0.1,1,1,1,1,1,1.0,RPI,未受或稍受污染,RPI=(DO點數+BOD5點數+SS點數+NH3-N點數)/4；DO、BOD5、SS、NH3-N依環境部RPI級距轉換為1、3、6、10點後平均。,可計算
water,site,1097,龜山橋,苗栗縣,公館鄉,後龍溪流域,後龍溪,120.8159169,24.53644,2025/05,RPI,環境部環境資料開放平臺：河川水質監測資料 WQX_P_01,https://data.moenv.gov.tw/dataset/detail/WQX_P_01,https://wq.moenv.gov.tw/EWQP/zh/Encyclopedia/NounDefinition/Pedia_37.aspx,2025/5/2 09:50,10,<1.0,2.8,0.14,1,1,1,1,1,1.0,RPI,未受或稍受污染,RPI=(DO點數+BOD5點數+SS點數+NH3-N點數)/4；DO、BOD5、SS、NH3-N依環境部RPI級距轉換為1、3、6、10點後平均。,可計算
water,site,1097,龜山橋,苗栗縣,公館鄉,後龍溪流域,後龍溪,120.8159169,24.53644,2025/06,RPI,環境部環境資料開放平臺：河川水質監測資料 WQX_P_01,https://data.moenv.gov.tw/dataset/detail/WQX_P_01,https://wq.moenv.gov.tw/EWQP/zh/Encyclopedia/NounDefinition/Pedia_37.aspx,2025/6/4 08:10,8.6,<1.0,5.4,0.03,1,1,1,1,1,1.0,RPI,未受或稍受污染,RPI=(DO點數+BOD5點數+SS點數+NH3-N點數)/4；DO、BOD5、SS、NH3-N依環境部RPI級距轉換為1、3、6、10點後平均。,可計算
water,site,1097,龜山橋,苗栗縣,公館鄉,後龍溪流域,後龍溪,120.8159169,24.53644,2025/07,RPI,環境部環境資料開放平臺：河川水質監測資料 WQX_P_01,https://data.moenv.gov.tw/dataset/detail/WQX_P_01,https://wq.moenv.gov.tw/EWQP/zh/Encyclopedia/NounDefinition/Pedia_37.aspx,2025/7/3 07:10,8.1,1.5,7,0.09,1,1,1,1,1,1.0,RPI,未受或稍受污染,RPI=(DO點數+BOD5點數+SS點數+NH3-N點數)/4；DO、BOD5、SS、NH3-N依環境部RPI級距轉換為1、3、6、10點後平均。,可計算
water,site,1097,龜山橋,苗栗縣,公館鄉,後龍溪流域,後龍溪,120.8159169,24.53644,2025/08,RPI,環境部環境資料開放平臺：河川水質監測資料 WQX_P_01,https://data.moenv.gov.tw/dataset/detail/WQX_P_01,https://wq.moenv.gov.tw/EWQP/zh/Encyclopedia/NounDefinition/Pedia_37.aspx,2025/8/7 10:20,8.5,<1.0,4.1,0.07,1,1,1,1,1,1.0,RPI,未受或稍受污染,RPI=(DO點數+BOD5點數+SS點數+NH3-N點數)/4；DO、BOD5、SS、NH3-N依環境部RPI級距轉換為1、3、6、10點後平均。,可計算
water,site,1097,龜山橋,苗栗縣,公館鄉,後龍溪流域,後龍溪,120.8159169,24.53644,2025/09,RPI,環境部環境資料開放平臺：河川水質監測資料 WQX_P_01,https://data.moenv.gov.tw/dataset/detail/WQX_P_01,https://wq.moenv.gov.tw/EWQP/zh/Encyclopedia/NounDefinition/Pedia_37.aspx,2025/9/17 09:00,9.5,<1.0,2.3,0.07,1,1,1,1,1,1.0,RPI,未受或稍受污染,RPI=(DO點數+BOD5點數+SS點數+NH3-N點數)/4；DO、BOD5、SS、NH3-N依環境部RPI級距轉換為1、3、6、10點後平均。,可計算
water,site,1097,龜山橋,苗栗縣,公館鄉,後龍溪流域,後龍溪,120.8159169,24.53644,2025/10,RPI,環境部環境資料開放平臺：河川水質監測資料 WQX_P_01,https://data.moenv.gov.tw/dataset/detail/WQX_P_01,https://wq.moenv.gov.tw/EWQP/zh/Encyclopedia/NounDefinition/Pedia_37.aspx,2025/10/13 10:30,-,-,-,-,-,,,,,,RPI,資料不足,RPI=(DO點數+BOD5點數+SS點數+NH3-N點數)/4；DO、BOD5、SS、NH3-N依環境部RPI級距轉換為1、3、6、10點後平均。,四項RPI參數不足
water,site,1097,龜山橋,苗栗縣,公館鄉,後龍溪流域,後龍溪,120.8159169,24.53644,2025/11,RPI,環境部環境資料開放平臺：河川水質監測資料 WQX_P_01,https://data.moenv.gov.tw/dataset/detail/WQX_P_01,https://wq.moenv.gov.tw/EWQP/zh/Encyclopedia/NounDefinition/Pedia_37.aspx,2025/11/13 07:40,-,-,-,-,-,,,,,,RPI,資料不足,RPI=(DO點數+BOD5點數+SS點數+NH3-N點數)/4；DO、BOD5、SS、NH3-N依環境部RPI級距轉換為1、3、6、10點後平均。,四項RPI參數不足
water,site,1097,龜山橋,苗栗縣,公館鄉,後龍溪流域,後龍溪,120.8159169,24.53644,2025/12,RPI,環境部環境資料開放平臺：河川水質監測資料 WQX_P_01,https://data.moenv.gov.tw/dataset/detail/WQX_P_01,https://wq.moenv.gov.tw/EWQP/zh/Encyclopedia/NounDefinition/Pedia_37.aspx,2025/12/1 08:30,-,-,-,-,-,,,,,,RPI,資料不足,RPI=(DO點數+BOD5點數+SS點數+NH3-N點數)/4；DO、BOD5、SS、NH3-N依環境部RPI級距轉換為1、3、6、10點後平均。,四項RPI參數不足
water,site,1098,玉清大橋（取代頭屋大橋）,苗栗縣,,後龍溪流域,後龍溪,120.8394444,24.56125,2025/01,RPI,環境部環境資料開放平臺：河川水質監測資料 WQX_P_01,https://data.moenv.gov.tw/dataset/detail/WQX_P_01,https://wq.moenv.gov.tw/EWQP/zh/Encyclopedia/NounDefinition/Pedia_37.aspx,2025/1/2 10:30,-,-,-,-,-,,,,,,RPI,資料不足,RPI=(DO點數+BOD5點數+SS點數+NH3-N點數)/4；DO、BOD5、SS、NH3-N依環境部RPI級距轉換為1、3、6、10點後平均。,四項RPI參數不足
water,site,1098,玉清大橋（取代頭屋大橋）,苗栗縣,,後龍溪流域,後龍溪,120.8394444,24.56125,2025/02,RPI,環境部環境資料開放平臺：河川水質監測資料 WQX_P_01,https://data.moenv.gov.tw/dataset/detail/WQX_P_01,https://wq.moenv.gov.tw/EWQP/zh/Encyclopedia/NounDefinition/Pedia_37.aspx,2025/2/10 13:30,-,-,-,-,-,,,,,,RPI,資料不足,RPI=(DO點數+BOD5點數+SS點數+NH3-N點數)/4；DO、BOD5、SS、NH3-N依環境部RPI級距轉換為1、3、6、10點後平均。,四項RPI參數不足
water,site,1098,玉清大橋（取代頭屋大橋）,苗栗縣,頭屋鄉,後龍溪流域,後龍溪,120.8394444,24.56125,2025/03,RPI,環境部環境資料開放平臺：河川水質監測資料 WQX_P_01,https://data.moenv.gov.tw/dataset/detail/WQX_P_01,https://wq.moenv.gov.tw/EWQP/zh/Encyclopedia/NounDefinition/Pedia_37.aspx,2025/3/3 10:30,-,-,-,-,-,,,,,,RPI,資料不足,RPI=(DO點數+BOD5點數+SS點數+NH3-N點數)/4；DO、BOD5、SS、NH3-N依環境部RPI級距轉換為1、3、6、10點後平均。,四項RPI參數不足
water,site,1098,玉清大橋（取代頭屋大橋）,苗栗縣,頭屋鄉,後龍溪流域,後龍溪,120.8394444,24.56125,2025/04,RPI,環境部環境資料開放平臺：河川水質監測資料 WQX_P_01,https://data.moenv.gov.tw/dataset/detail/WQX_P_01,https://wq.moenv.gov.tw/EWQP/zh/Encyclopedia/NounDefinition/Pedia_37.aspx,2025/4/8 10:30,-,-,-,-,-,,,,,,RPI,資料不足,RPI=(DO點數+BOD5點數+SS點數+NH3-N點數)/4；DO、BOD5、SS、NH3-N依環境部RPI級距轉換為1、3、6、10點後平均。,四項RPI參數不足
water,site,1098,玉清大橋（取代頭屋大橋）,苗栗縣,頭屋鄉,後龍溪流域,後龍溪,120.8394444,24.56125,2025/05,RPI,環境部環境資料開放平臺：河川水質監測資料 WQX_P_01,https://data.moenv.gov.tw/dataset/detail/WQX_P_01,https://wq.moenv.gov.tw/EWQP/zh/Encyclopedia/NounDefinition/Pedia_37.aspx,2025/5/2 10:50,-,-,-,-,-,,,,,,RPI,資料不足,RPI=(DO點數+BOD5點數+SS點數+NH3-N點數)/4；DO、BOD5、SS、NH3-N依環境部RPI級距轉換為1、3、6、10點後平均。,四項RPI參數不足
water,site,1098,玉清大橋（取代頭屋大橋）,苗栗縣,頭屋鄉,後龍溪流域,後龍溪,120.8394444,24.56125,2025/06,RPI,環境部環境資料開放平臺：河川水質監測資料 WQX_P_01,https://data.moenv.gov.tw/dataset/detail/WQX_P_01,https://wq.moenv.gov.tw/EWQP/zh/Encyclopedia/NounDefinition/Pedia_37.aspx,2025/6/4 09:10,8.7,<1.0,5.3,0.02,1,1,1,1,1,1.0,RPI,未受或稍受污染,RPI=(DO點數+BOD5點數+SS點數+NH3-N點數)/4；DO、BOD5、SS、NH3-N依環境部RPI級距轉換為1、3、6、10點後平均。,可計算
water,site,1098,玉清大橋（取代頭屋大橋）,苗栗縣,頭屋鄉,後龍溪流域,後龍溪,120.8394444,24.56125,2025/07,RPI,環境部環境資料開放平臺：河川水質監測資料 WQX_P_01,https://data.moenv.gov.tw/dataset/detail/WQX_P_01,https://wq.moenv.gov.tw/EWQP/zh/Encyclopedia/NounDefinition/Pedia_37.aspx,2025/7/3 08:10,8.1,<1.0,5.8,0.09,1,1,1,1,1,1.0,RPI,未受或稍受污染,RPI=(DO點數+BOD5點數+SS點數+NH3-N點數)/4；DO、BOD5、SS、NH3-N依環境部RPI級距轉換為1、3、6、10點後平均。,可計算
water,site,1098,玉清大橋（取代頭屋大橋）,苗栗縣,頭屋鄉,後龍溪流域,後龍溪,120.8394444,24.56125,2025/08,RPI,環境部環境資料開放平臺：河川水質監測資料 WQX_P_01,https://data.moenv.gov.tw/dataset/detail/WQX_P_01,https://wq.moenv.gov.tw/EWQP/zh/Encyclopedia/NounDefinition/Pedia_37.aspx,2025/8/7 11:20,8.7,<1.0,4.6,0.06,1,1,1,1,1,1.0,RPI,未受或稍受污染,RPI=(DO點數+BOD5點數+SS點數+NH3-N點數)/4；DO、BOD5、SS、NH3-N依環境部RPI級距轉換為1、3、6、10點後平均。,可計算
water,site,1098,玉清大橋（取代頭屋大橋）,苗栗縣,頭屋鄉,後龍溪流域,後龍溪,120.8394444,24.56125,2025/09,RPI,環境部環境資料開放平臺：河川水質監測資料 WQX_P_01,https://data.moenv.gov.tw/dataset/detail/WQX_P_01,https://wq.moenv.gov.tw/EWQP/zh/Encyclopedia/NounDefinition/Pedia_37.aspx,2025/9/17 10:00,9.6,1.4,2.9,0.03,1,1,1,1,1,1.0,RPI,未受或稍受污染,RPI=(DO點數+BOD5點數+SS點數+NH3-N點數)/4；DO、BOD5、SS、NH3-N依環境部RPI級距轉換為1、3、6、10點後平均。,可計算
water,site,1098,玉清大橋（取代頭屋大橋）,苗栗縣,頭屋鄉,後龍溪流域,後龍溪,120.8394444,24.56125,2025/10,RPI,環境部環境資料開放平臺：河川水質監測資料 WQX_P_01,https://data.moenv.gov.tw/dataset/detail/WQX_P_01,https://wq.moenv.gov.tw/EWQP/zh/Encyclopedia/NounDefinition/Pedia_37.aspx,2025/10/13 11:30,10.6,28.6,4.7,0.04,3.25,1,10,1,1,3.25,RPI,中度污染,RPI=(DO點數+BOD5點數+SS點數+NH3-N點數)/4；DO、BOD5、SS、NH3-N依環境部RPI級距轉換為1、3、6、10點後平均。,可計算
water,site,1098,玉清大橋（取代頭屋大橋）,苗栗縣,頭屋鄉,後龍溪流域,後龍溪,120.8394444,24.56125,2025/11,RPI,環境部環境資料開放平臺：河川水質監測資料 WQX_P_01,https://data.moenv.gov.tw/dataset/detail/WQX_P_01,https://wq.moenv.gov.tw/EWQP/zh/Encyclopedia/NounDefinition/Pedia_37.aspx,2025/11/13 08:40,8.1,<1.0,9.9,0.09,1,1,1,1,1,1.0,RPI,未受或稍受污染,RPI=(DO點數+BOD5點數+SS點數+NH3-N點數)/4；DO、BOD5、SS、NH3-N依環境部RPI級距轉換為1、3、6、10點後平均。,可計算
water,site,1098,玉清大橋（取代頭屋大橋）,苗栗縣,頭屋鄉,後龍溪流域,後龍溪,120.8394444,24.56125,2025/12,RPI,環境部環境資料開放平臺：河川水質監測資料 WQX_P_01,https://data.moenv.gov.tw/dataset/detail/WQX_P_01,https://wq.moenv.gov.tw/EWQP/zh/Encyclopedia/NounDefinition/Pedia_37.aspx,2025/12/1 09:30,10.1,<1.0,3,0.03,1,1,1,1,1,1.0,RPI,未受或稍受污染,RPI=(DO點數+BOD5點數+SS點數+NH3-N點數)/4；DO、BOD5、SS、NH3-N依環境部RPI級距轉換為1、3、6、10點後平均。,可計算
water,site,1099,北勢大橋,苗栗縣,,後龍溪流域,後龍溪,120.8255631,24.5948969,2025/01,RPI,環境部環境資料開放平臺：河川水質監測資料 WQX_P_01,https://data.moenv.gov.tw/dataset/detail/WQX_P_01,https://wq.moenv.gov.tw/EWQP/zh/Encyclopedia/NounDefinition/Pedia_37.aspx,2025/1/2 11:30,8.4,3.9,4.9,0.08,1.5,1,3,1,1,1.5,RPI,未受或稍受污染,RPI=(DO點數+BOD5點數+SS點數+NH3-N點數)/4；DO、BOD5、SS、NH3-N依環境部RPI級距轉換為1、3、6、10點後平均。,可計算
water,site,1099,北勢大橋,苗栗縣,,後龍溪流域,後龍溪,120.8255631,24.5948969,2025/02,RPI,環境部環境資料開放平臺：河川水質監測資料 WQX_P_01,https://data.moenv.gov.tw/dataset/detail/WQX_P_01,https://wq.moenv.gov.tw/EWQP/zh/Encyclopedia/NounDefinition/Pedia_37.aspx,2025/2/10 14:30,10.6,1.3,5.4,0.09,1,1,1,1,1,1.0,RPI,未受或稍受污染,RPI=(DO點數+BOD5點數+SS點數+NH3-N點數)/4；DO、BOD5、SS、NH3-N依環境部RPI級距轉換為1、3、6、10點後平均。,可計算
water,site,1099,北勢大橋,苗栗縣,後龍鎮,後龍溪流域,後龍溪,120.8255631,24.5948969,2025/03,RPI,環境部環境資料開放平臺：河川水質監測資料 WQX_P_01,https://data.moenv.gov.tw/dataset/detail/WQX_P_01,https://wq.moenv.gov.tw/EWQP/zh/Encyclopedia/NounDefinition/Pedia_37.aspx,2025/3/3 11:30,7.9,8.2,7,0.14,2.25,1,6,1,1,2.25,RPI,輕度污染,RPI=(DO點數+BOD5點數+SS點數+NH3-N點數)/4；DO、BOD5、SS、NH3-N依環境部RPI級距轉換為1、3、6、10點後平均。,可計算
water,site,1099,北勢大橋,苗栗縣,後龍鎮,後龍溪流域,後龍溪,120.8255631,24.5948969,2025/04,RPI,環境部環境資料開放平臺：河川水質監測資料 WQX_P_01,https://data.moenv.gov.tw/dataset/detail/WQX_P_01,https://wq.moenv.gov.tw/EWQP/zh/Encyclopedia/NounDefinition/Pedia_37.aspx,2025/4/8 11:30,8.3,1.4,7.8,0.16,1,1,1,1,1,1.0,RPI,未受或稍受污染,RPI=(DO點數+BOD5點數+SS點數+NH3-N點數)/4；DO、BOD5、SS、NH3-N依環境部RPI級距轉換為1、3、6、10點後平均。,可計算
water,site,1099,北勢大橋,苗栗縣,後龍鎮,後龍溪流域,後龍溪,120.8255631,24.5948969,2025/05,RPI,環境部環境資料開放平臺：河川水質監測資料 WQX_P_01,https://data.moenv.gov.tw/dataset/detail/WQX_P_01,https://wq.moenv.gov.tw/EWQP/zh/Encyclopedia/NounDefinition/Pedia_37.aspx,2025/5/2 11:50,8.9,1.3,8.3,0.19,1,1,1,1,1,1.0,RPI,未受或稍受污染,RPI=(DO點數+BOD5點數+SS點數+NH3-N點數)/4；DO、BOD5、SS、NH3-N依環境部RPI級距轉換為1、3、6、10點後平均。,可計算
water,site,1099,北勢大橋,苗栗縣,後龍鎮,後龍溪流域,後龍溪,120.8255631,24.5948969,2025/06,RPI,環境部環境資料開放平臺：河川水質監測資料 WQX_P_01,https://data.moenv.gov.tw/dataset/detail/WQX_P_01,https://wq.moenv.gov.tw/EWQP/zh/Encyclopedia/NounDefinition/Pedia_37.aspx,2025/6/4 10:10,8.7,<1.0,6.4,0.05,1,1,1,1,1,1.0,RPI,未受或稍受污染,RPI=(DO點數+BOD5點數+SS點數+NH3-N點數)/4；DO、BOD5、SS、NH3-N依環境部RPI級距轉換為1、3、6、10點後平均。,可計算
water,site,1099,北勢大橋,苗栗縣,後龍鎮,後龍溪流域,後龍溪,120.8255631,24.5948969,2025/07,RPI,環境部環境資料開放平臺：河川水質監測資料 WQX_P_01,https://data.moenv.gov.tw/dataset/detail/WQX_P_01,https://wq.moenv.gov.tw/EWQP/zh/Encyclopedia/NounDefinition/Pedia_37.aspx,2025/7/3 09:10,7.3,<1.0,8.2,0.12,1,1,1,1,1,1.0,RPI,未受或稍受污染,RPI=(DO點數+BOD5點數+SS點數+NH3-N點數)/4；DO、BOD5、SS、NH3-N依環境部RPI級距轉換為1、3、6、10點後平均。,可計算
water,site,1099,北勢大橋,苗栗縣,後龍鎮,後龍溪流域,後龍溪,120.8255631,24.5948969,2025/08,RPI,環境部環境資料開放平臺：河川水質監測資料 WQX_P_01,https://data.moenv.gov.tw/dataset/detail/WQX_P_01,https://wq.moenv.gov.tw/EWQP/zh/Encyclopedia/NounDefinition/Pedia_37.aspx,2025/8/7 14:20,8.5,<1.0,6.7,0.06,1,1,1,1,1,1.0,RPI,未受或稍受污染,RPI=(DO點數+BOD5點數+SS點數+NH3-N點數)/4；DO、BOD5、SS、NH3-N依環境部RPI級距轉換為1、3、6、10點後平均。,可計算
water,site,1099,北勢大橋,苗栗縣,後龍鎮,後龍溪流域,後龍溪,120.8255631,24.5948969,2025/09,RPI,環境部環境資料開放平臺：河川水質監測資料 WQX_P_01,https://data.moenv.gov.tw/dataset/detail/WQX_P_01,https://wq.moenv.gov.tw/EWQP/zh/Encyclopedia/NounDefinition/Pedia_37.aspx,2025/9/17 11:00,8.9,<1.0,5.3,0.04,1,1,1,1,1,1.0,RPI,未受或稍受污染,RPI=(DO點數+BOD5點數+SS點數+NH3-N點數)/4；DO、BOD5、SS、NH3-N依環境部RPI級距轉換為1、3、6、10點後平均。,可計算
water,site,1099,北勢大橋,苗栗縣,後龍鎮,後龍溪流域,後龍溪,120.8255631,24.5948969,2025/10,RPI,環境部環境資料開放平臺：河川水質監測資料 WQX_P_01,https://data.moenv.gov.tw/dataset/detail/WQX_P_01,https://wq.moenv.gov.tw/EWQP/zh/Encyclopedia/NounDefinition/Pedia_37.aspx,2025/10/13 13:30,9,1.3,6.2,0.04,1,1,1,1,1,1.0,RPI,未受或稍受污染,RPI=(DO點數+BOD5點數+SS點數+NH3-N點數)/4；DO、BOD5、SS、NH3-N依環境部RPI級距轉換為1、3、6、10點後平均。,可計算
water,site,1099,北勢大橋,苗栗縣,後龍鎮,後龍溪流域,後龍溪,120.8255631,24.5948969,2025/11,RPI,環境部環境資料開放平臺：河川水質監測資料 WQX_P_01,https://data.moenv.gov.tw/dataset/detail/WQX_P_01,https://wq.moenv.gov.tw/EWQP/zh/Encyclopedia/NounDefinition/Pedia_37.aspx,2025/11/13 09:40,7.7,1.2,8.5,0.47,1,1,1,1,1,1.0,RPI,未受或稍受污染,RPI=(DO點數+BOD5點數+SS點數+NH3-N點數)/4；DO、BOD5、SS、NH3-N依環境部RPI級距轉換為1、3、6、10點後平均。,可計算
water,site,1099,北勢大橋,苗栗縣,後龍鎮,後龍溪流域,後龍溪,120.8255631,24.5948969,2025/12,RPI,環境部環境資料開放平臺：河川水質監測資料 WQX_P_01,https://data.moenv.gov.tw/dataset/detail/WQX_P_01,https://wq.moenv.gov.tw/EWQP/zh/Encyclopedia/NounDefinition/Pedia_37.aspx,2025/12/1 10:30,8.9,<1.0,7,0.07,1,1,1,1,1,1.0,RPI,未受或稍受污染,RPI=(DO點數+BOD5點數+SS點數+NH3-N點數)/4；DO、BOD5、SS、NH3-N依環境部RPI級距轉換為1、3、6、10點後平均。,可計算
water,site,1100,後龍溪橋,苗栗縣,,後龍溪流域,後龍溪,120.784298,24.6087439,2025/01,RPI,環境部環境資料開放平臺：河川水質監測資料 WQX_P_01,https://data.moenv.gov.tw/dataset/detail/WQX_P_01,https://wq.moenv.gov.tw/EWQP/zh/Encyclopedia/NounDefinition/Pedia_37.aspx,2025/1/2 06:00,5.8,2.9,6.2,0.74,2,3,1,1,3,2.0,RPI,未受或稍受污染,RPI=(DO點數+BOD5點數+SS點數+NH3-N點數)/4；DO、BOD5、SS、NH3-N依環境部RPI級距轉換為1、3、6、10點後平均。,可計算
water,site,1100,後龍溪橋,苗栗縣,,後龍溪流域,後龍溪,120.784298,24.6087439,2025/02,RPI,環境部環境資料開放平臺：河川水質監測資料 WQX_P_01,https://data.moenv.gov.tw/dataset/detail/WQX_P_01,https://wq.moenv.gov.tw/EWQP/zh/Encyclopedia/NounDefinition/Pedia_37.aspx,2025/2/10 15:25,8.3,2.2,15.2,0.71,1.5,1,1,1,3,1.5,RPI,未受或稍受污染,RPI=(DO點數+BOD5點數+SS點數+NH3-N點數)/4；DO、BOD5、SS、NH3-N依環境部RPI級距轉換為1、3、6、10點後平均。,可計算
water,site,1100,後龍溪橋,苗栗縣,後龍鎮,後龍溪流域,後龍溪,120.784298,24.6087439,2025/03,RPI,環境部環境資料開放平臺：河川水質監測資料 WQX_P_01,https://data.moenv.gov.tw/dataset/detail/WQX_P_01,https://wq.moenv.gov.tw/EWQP/zh/Encyclopedia/NounDefinition/Pedia_37.aspx,2025/3/3 06:45,3.6,7.2,14.3,2.4,4.75,6,6,1,6,4.75,RPI,中度污染,RPI=(DO點數+BOD5點數+SS點數+NH3-N點數)/4；DO、BOD5、SS、NH3-N依環境部RPI級距轉換為1、3、6、10點後平均。,可計算
water,site,1100,後龍溪橋,苗栗縣,後龍鎮,後龍溪流域,後龍溪,120.784298,24.6087439,2025/04,RPI,環境部環境資料開放平臺：河川水質監測資料 WQX_P_01,https://data.moenv.gov.tw/dataset/detail/WQX_P_01,https://wq.moenv.gov.tw/EWQP/zh/Encyclopedia/NounDefinition/Pedia_37.aspx,2025/4/8 14:00,3.8,1.3,10.4,0.48,2.25,6,1,1,1,2.25,RPI,輕度污染,RPI=(DO點數+BOD5點數+SS點數+NH3-N點數)/4；DO、BOD5、SS、NH3-N依環境部RPI級距轉換為1、3、6、10點後平均。,可計算
water,site,1100,後龍溪橋,苗栗縣,後龍鎮,後龍溪流域,後龍溪,120.784298,24.6087439,2025/05,RPI,環境部環境資料開放平臺：河川水質監測資料 WQX_P_01,https://data.moenv.gov.tw/dataset/detail/WQX_P_01,https://wq.moenv.gov.tw/EWQP/zh/Encyclopedia/NounDefinition/Pedia_37.aspx,2025/5/2 07:35,5.2,22.2,7.5,0.58,4.25,3,10,1,3,4.25,RPI,中度污染,RPI=(DO點數+BOD5點數+SS點數+NH3-N點數)/4；DO、BOD5、SS、NH3-N依環境部RPI級距轉換為1、3、6、10點後平均。,可計算
water,site,1100,後龍溪橋,苗栗縣,後龍鎮,後龍溪流域,後龍溪,120.784298,24.6087439,2025/06,RPI,環境部環境資料開放平臺：河川水質監測資料 WQX_P_01,https://data.moenv.gov.tw/dataset/detail/WQX_P_01,https://wq.moenv.gov.tw/EWQP/zh/Encyclopedia/NounDefinition/Pedia_37.aspx,2025/6/4 11:10,8.2,<1.0,20.2,0.13,1.5,1,1,3,1,1.5,RPI,未受或稍受污染,RPI=(DO點數+BOD5點數+SS點數+NH3-N點數)/4；DO、BOD5、SS、NH3-N依環境部RPI級距轉換為1、3、6、10點後平均。,可計算
water,site,1100,後龍溪橋,苗栗縣,後龍鎮,後龍溪流域,後龍溪,120.784298,24.6087439,2025/07,RPI,環境部環境資料開放平臺：河川水質監測資料 WQX_P_01,https://data.moenv.gov.tw/dataset/detail/WQX_P_01,https://wq.moenv.gov.tw/EWQP/zh/Encyclopedia/NounDefinition/Pedia_37.aspx,2025/7/3 10:10,6.5,<1.0,5.6,0.3,1,1,1,1,1,1.0,RPI,未受或稍受污染,RPI=(DO點數+BOD5點數+SS點數+NH3-N點數)/4；DO、BOD5、SS、NH3-N依環境部RPI級距轉換為1、3、6、10點後平均。,可計算
water,site,1100,後龍溪橋,苗栗縣,後龍鎮,後龍溪流域,後龍溪,120.784298,24.6087439,2025/08,RPI,環境部環境資料開放平臺：河川水質監測資料 WQX_P_01,https://data.moenv.gov.tw/dataset/detail/WQX_P_01,https://wq.moenv.gov.tw/EWQP/zh/Encyclopedia/NounDefinition/Pedia_37.aspx,2025/8/7 15:30,8.6,<1.0,9.2,0.12,1,1,1,1,1,1.0,RPI,未受或稍受污染,RPI=(DO點數+BOD5點數+SS點數+NH3-N點數)/4；DO、BOD5、SS、NH3-N依環境部RPI級距轉換為1、3、6、10點後平均。,可計算
water,site,1100,後龍溪橋,苗栗縣,後龍鎮,後龍溪流域,後龍溪,120.784298,24.6087439,2025/09,RPI,環境部環境資料開放平臺：河川水質監測資料 WQX_P_01,https://data.moenv.gov.tw/dataset/detail/WQX_P_01,https://wq.moenv.gov.tw/EWQP/zh/Encyclopedia/NounDefinition/Pedia_37.aspx,2025/9/17 13:00,8.3,1.4,8.4,0.24,1,1,1,1,1,1.0,RPI,未受或稍受污染,RPI=(DO點數+BOD5點數+SS點數+NH3-N點數)/4；DO、BOD5、SS、NH3-N依環境部RPI級距轉換為1、3、6、10點後平均。,可計算
water,site,1100,後龍溪橋,苗栗縣,後龍鎮,後龍溪流域,後龍溪,120.784298,24.6087439,2025/10,RPI,環境部環境資料開放平臺：河川水質監測資料 WQX_P_01,https://data.moenv.gov.tw/dataset/detail/WQX_P_01,https://wq.moenv.gov.tw/EWQP/zh/Encyclopedia/NounDefinition/Pedia_37.aspx,2025/10/13 08:30,4.9,2.9,9.9,1.95,2.75,3,1,1,6,2.75,RPI,輕度污染,RPI=(DO點數+BOD5點數+SS點數+NH3-N點數)/4；DO、BOD5、SS、NH3-N依環境部RPI級距轉換為1、3、6、10點後平均。,可計算
water,site,1100,後龍溪橋,苗栗縣,後龍鎮,後龍溪流域,後龍溪,120.784298,24.6087439,2025/11,RPI,環境部環境資料開放平臺：河川水質監測資料 WQX_P_01,https://data.moenv.gov.tw/dataset/detail/WQX_P_01,https://wq.moenv.gov.tw/EWQP/zh/Encyclopedia/NounDefinition/Pedia_37.aspx,2025/11/13 10:50,6.3,3.2,10.9,0.63,2.5,3,3,1,3,2.5,RPI,輕度污染,RPI=(DO點數+BOD5點數+SS點數+NH3-N點數)/4；DO、BOD5、SS、NH3-N依環境部RPI級距轉換為1、3、6、10點後平均。,可計算
water,site,1100,後龍溪橋,苗栗縣,後龍鎮,後龍溪流域,後龍溪,120.784298,24.6087439,2025/12,RPI,環境部環境資料開放平臺：河川水質監測資料 WQX_P_01,https://data.moenv.gov.tw/dataset/detail/WQX_P_01,https://wq.moenv.gov.tw/EWQP/zh/Encyclopedia/NounDefinition/Pedia_37.aspx,2025/12/1 12:50,6.8,2.8,12,0.45,1,1,1,1,1,1.0,RPI,未受或稍受污染,RPI=(DO點數+BOD5點數+SS點數+NH3-N點數)/4；DO、BOD5、SS、NH3-N依環境部RPI級距轉換為1、3、6、10點後平均。,可計算
water,site,1681,後龍觀海大橋,苗栗縣,,後龍溪流域,後龍溪,120.7630389,24.6139583,2025/01,RPI,環境部環境資料開放平臺：河川水質監測資料 WQX_P_01,https://data.moenv.gov.tw/dataset/detail/WQX_P_01,https://wq.moenv.gov.tw/EWQP/zh/Encyclopedia/NounDefinition/Pedia_37.aspx,2025/1/2 07:00,7.4,1.3,36.4,0.33,1.5,1,1,3,1,1.5,RPI,未受或稍受污染,RPI=(DO點數+BOD5點數+SS點數+NH3-N點數)/4；DO、BOD5、SS、NH3-N依環境部RPI級距轉換為1、3、6、10點後平均。,可計算
water,site,1681,後龍觀海大橋,苗栗縣,,後龍溪流域,後龍溪,120.7630389,24.6139583,2025/02,RPI,環境部環境資料開放平臺：河川水質監測資料 WQX_P_01,https://data.moenv.gov.tw/dataset/detail/WQX_P_01,https://wq.moenv.gov.tw/EWQP/zh/Encyclopedia/NounDefinition/Pedia_37.aspx,2025/2/10 16:10,8.3,2.3,21,0.61,2,1,1,3,3,2.0,RPI,未受或稍受污染,RPI=(DO點數+BOD5點數+SS點數+NH3-N點數)/4；DO、BOD5、SS、NH3-N依環境部RPI級距轉換為1、3、6、10點後平均。,可計算
water,site,1681,後龍觀海大橋,苗栗縣,後龍鎮,後龍溪流域,後龍溪,120.7630389,24.6139583,2025/03,RPI,環境部環境資料開放平臺：河川水質監測資料 WQX_P_01,https://data.moenv.gov.tw/dataset/detail/WQX_P_01,https://wq.moenv.gov.tw/EWQP/zh/Encyclopedia/NounDefinition/Pedia_37.aspx,2025/3/3 07:40,5.4,3.7,23.4,0.67,3,3,3,3,3,3.0,RPI,輕度污染,RPI=(DO點數+BOD5點數+SS點數+NH3-N點數)/4；DO、BOD5、SS、NH3-N依環境部RPI級距轉換為1、3、6、10點後平均。,可計算
water,site,1681,後龍觀海大橋,苗栗縣,後龍鎮,後龍溪流域,後龍溪,120.7630389,24.6139583,2025/04,RPI,環境部環境資料開放平臺：河川水質監測資料 WQX_P_01,https://data.moenv.gov.tw/dataset/detail/WQX_P_01,https://wq.moenv.gov.tw/EWQP/zh/Encyclopedia/NounDefinition/Pedia_37.aspx,2025/4/8 14:50,6.5,1.2,17.4,0.43,1,1,1,1,1,1.0,RPI,未受或稍受污染,RPI=(DO點數+BOD5點數+SS點數+NH3-N點數)/4；DO、BOD5、SS、NH3-N依環境部RPI級距轉換為1、3、6、10點後平均。,可計算
water,site,1681,後龍觀海大橋,苗栗縣,後龍鎮,後龍溪流域,後龍溪,120.7630389,24.6139583,2025/05,RPI,環境部環境資料開放平臺：河川水質監測資料 WQX_P_01,https://data.moenv.gov.tw/dataset/detail/WQX_P_01,https://wq.moenv.gov.tw/EWQP/zh/Encyclopedia/NounDefinition/Pedia_37.aspx,2025/5/2 08:30,6,1.2,17.2,0.52,2,3,1,1,3,2.0,RPI,未受或稍受污染,RPI=(DO點數+BOD5點數+SS點數+NH3-N點數)/4；DO、BOD5、SS、NH3-N依環境部RPI級距轉換為1、3、6、10點後平均。,可計算
water,site,1681,後龍觀海大橋,苗栗縣,後龍鎮,後龍溪流域,後龍溪,120.7630389,24.6139583,2025/06,RPI,環境部環境資料開放平臺：河川水質監測資料 WQX_P_01,https://data.moenv.gov.tw/dataset/detail/WQX_P_01,https://wq.moenv.gov.tw/EWQP/zh/Encyclopedia/NounDefinition/Pedia_37.aspx,2025/6/4 12:00,7.1,1.9,119,0.2,3.25,1,1,10,1,3.25,RPI,中度污染,RPI=(DO點數+BOD5點數+SS點數+NH3-N點數)/4；DO、BOD5、SS、NH3-N依環境部RPI級距轉換為1、3、6、10點後平均。,可計算
water,site,1681,後龍觀海大橋,苗栗縣,後龍鎮,後龍溪流域,後龍溪,120.7630389,24.6139583,2025/07,RPI,環境部環境資料開放平臺：河川水質監測資料 WQX_P_01,https://data.moenv.gov.tw/dataset/detail/WQX_P_01,https://wq.moenv.gov.tw/EWQP/zh/Encyclopedia/NounDefinition/Pedia_37.aspx,2025/7/3 11:00,6.6,<1.0,33.5,0.4,1.5,1,1,3,1,1.5,RPI,未受或稍受污染,RPI=(DO點數+BOD5點數+SS點數+NH3-N點數)/4；DO、BOD5、SS、NH3-N依環境部RPI級距轉換為1、3、6、10點後平均。,可計算
water,site,1681,後龍觀海大橋,苗栗縣,後龍鎮,後龍溪流域,後龍溪,120.7630389,24.6139583,2025/08,RPI,環境部環境資料開放平臺：河川水質監測資料 WQX_P_01,https://data.moenv.gov.tw/dataset/detail/WQX_P_01,https://wq.moenv.gov.tw/EWQP/zh/Encyclopedia/NounDefinition/Pedia_37.aspx,2025/8/7 16:20,-,-,-,-,-,,,,,,RPI,資料不足,RPI=(DO點數+BOD5點數+SS點數+NH3-N點數)/4；DO、BOD5、SS、NH3-N依環境部RPI級距轉換為1、3、6、10點後平均。,四項RPI參數不足
water,site,1681,後龍觀海大橋,苗栗縣,後龍鎮,後龍溪流域,後龍溪,120.7630389,24.6139583,2025/09,RPI,環境部環境資料開放平臺：河川水質監測資料 WQX_P_01,https://data.moenv.gov.tw/dataset/detail/WQX_P_01,https://wq.moenv.gov.tw/EWQP/zh/Encyclopedia/NounDefinition/Pedia_37.aspx,2025/9/17 13:50,-,-,-,-,-,,,,,,RPI,資料不足,RPI=(DO點數+BOD5點數+SS點數+NH3-N點數)/4；DO、BOD5、SS、NH3-N依環境部RPI級距轉換為1、3、6、10點後平均。,四項RPI參數不足
water,site,1681,後龍觀海大橋,苗栗縣,後龍鎮,後龍溪流域,後龍溪,120.7630389,24.6139583,2025/10,RPI,環境部環境資料開放平臺：河川水質監測資料 WQX_P_01,https://data.moenv.gov.tw/dataset/detail/WQX_P_01,https://wq.moenv.gov.tw/EWQP/zh/Encyclopedia/NounDefinition/Pedia_37.aspx,2025/10/13 09:20,-,-,-,-,-,,,,,,RPI,資料不足,RPI=(DO點數+BOD5點數+SS點數+NH3-N點數)/4；DO、BOD5、SS、NH3-N依環境部RPI級距轉換為1、3、6、10點後平均。,四項RPI參數不足
water,site,1681,後龍觀海大橋,苗栗縣,後龍鎮,後龍溪流域,後龍溪,120.7630389,24.6139583,2025/11,RPI,環境部環境資料開放平臺：河川水質監測資料 WQX_P_01,https://data.moenv.gov.tw/dataset/detail/WQX_P_01,https://wq.moenv.gov.tw/EWQP/zh/Encyclopedia/NounDefinition/Pedia_37.aspx,2025/11/13 11:50,-,-,-,-,-,,,,,,RPI,資料不足,RPI=(DO點數+BOD5點數+SS點數+NH3-N點數)/4；DO、BOD5、SS、NH3-N依環境部RPI級距轉換為1、3、6、10點後平均。,四項RPI參數不足
water,site,1681,後龍觀海大橋,苗栗縣,後龍鎮,後龍溪流域,後龍溪,120.7630389,24.6139583,2025/12,RPI,環境部環境資料開放平臺：河川水質監測資料 WQX_P_01,https://data.moenv.gov.tw/dataset/detail/WQX_P_01,https://wq.moenv.gov.tw/EWQP/zh/Encyclopedia/NounDefinition/Pedia_37.aspx,2025/12/1 13:40,-,-,-,-,-,,,,,,RPI,資料不足,RPI=(DO點數+BOD5點數+SS點數+NH3-N點數)/4；DO、BOD5、SS、NH3-N依環境部RPI級距轉換為1、3、6、10點後平均。,四項RPI參數不足
water,site,1343,協成橋,苗栗縣,,大安溪流域,老庄溪,120.835937,24.3081519,2025/01,RPI,環境部環境資料開放平臺：河川水質監測資料 WQX_P_01,https://data.moenv.gov.tw/dataset/detail/WQX_P_01,https://wq.moenv.gov.tw/EWQP/zh/Encyclopedia/NounDefinition/Pedia_37.aspx,2025/1/2 10:41,9.8,2,2.8,0.08,1,1,1,1,1,1.0,RPI,未受或稍受污染,RPI=(DO點數+BOD5點數+SS點數+NH3-N點數)/4；DO、BOD5、SS、NH3-N依環境部RPI級距轉換為1、3、6、10點後平均。,可計算
water,site,1343,協成橋,苗栗縣,,大安溪流域,老庄溪,120.835937,24.3081519,2025/02,RPI,環境部環境資料開放平臺：河川水質監測資料 WQX_P_01,https://data.moenv.gov.tw/dataset/detail/WQX_P_01,https://wq.moenv.gov.tw/EWQP/zh/Encyclopedia/NounDefinition/Pedia_37.aspx,2025/2/10 10:00,-,-,-,-,-,,,,,,RPI,資料不足,RPI=(DO點數+BOD5點數+SS點數+NH3-N點數)/4；DO、BOD5、SS、NH3-N依環境部RPI級距轉換為1、3、6、10點後平均。,四項RPI參數不足
water,site,1343,協成橋,苗栗縣,卓蘭鎮,大安溪流域,老庄溪,120.835937,24.3081519,2025/03,RPI,環境部環境資料開放平臺：河川水質監測資料 WQX_P_01,https://data.moenv.gov.tw/dataset/detail/WQX_P_01,https://wq.moenv.gov.tw/EWQP/zh/Encyclopedia/NounDefinition/Pedia_37.aspx,2025/3/3 11:00,10.3,3,3,0.1,1,1,1,1,1,1.0,RPI,未受或稍受污染,RPI=(DO點數+BOD5點數+SS點數+NH3-N點數)/4；DO、BOD5、SS、NH3-N依環境部RPI級距轉換為1、3、6、10點後平均。,可計算
water,site,1343,協成橋,苗栗縣,卓蘭鎮,大安溪流域,老庄溪,120.835937,24.3081519,2025/04,RPI,環境部環境資料開放平臺：河川水質監測資料 WQX_P_01,https://data.moenv.gov.tw/dataset/detail/WQX_P_01,https://wq.moenv.gov.tw/EWQP/zh/Encyclopedia/NounDefinition/Pedia_37.aspx,2025/4/8 09:40,-,-,-,-,-,,,,,,RPI,資料不足,RPI=(DO點數+BOD5點數+SS點數+NH3-N點數)/4；DO、BOD5、SS、NH3-N依環境部RPI級距轉換為1、3、6、10點後平均。,四項RPI參數不足
water,site,1343,協成橋,苗栗縣,卓蘭鎮,大安溪流域,老庄溪,120.835937,24.3081519,2025/05,RPI,環境部環境資料開放平臺：河川水質監測資料 WQX_P_01,https://data.moenv.gov.tw/dataset/detail/WQX_P_01,https://wq.moenv.gov.tw/EWQP/zh/Encyclopedia/NounDefinition/Pedia_37.aspx,2025/5/2 11:30,-,-,-,-,-,,,,,,RPI,資料不足,RPI=(DO點數+BOD5點數+SS點數+NH3-N點數)/4；DO、BOD5、SS、NH3-N依環境部RPI級距轉換為1、3、6、10點後平均。,四項RPI參數不足
water,site,1343,協成橋,苗栗縣,卓蘭鎮,大安溪流域,老庄溪,120.835937,24.3081519,2025/06,RPI,環境部環境資料開放平臺：河川水質監測資料 WQX_P_01,https://data.moenv.gov.tw/dataset/detail/WQX_P_01,https://wq.moenv.gov.tw/EWQP/zh/Encyclopedia/NounDefinition/Pedia_37.aspx,2025/6/5 09:00,8.5,8.4,23,0.06,2.75,1,6,3,1,2.75,RPI,輕度污染,RPI=(DO點數+BOD5點數+SS點數+NH3-N點數)/4；DO、BOD5、SS、NH3-N依環境部RPI級距轉換為1、3、6、10點後平均。,可計算
water,site,1343,協成橋,苗栗縣,卓蘭鎮,大安溪流域,老庄溪,120.835937,24.3081519,2025/07,RPI,環境部環境資料開放平臺：河川水質監測資料 WQX_P_01,https://data.moenv.gov.tw/dataset/detail/WQX_P_01,https://wq.moenv.gov.tw/EWQP/zh/Encyclopedia/NounDefinition/Pedia_37.aspx,2025/7/18 10:50,7.8,<1.0,71.5,0.12,2.25,1,1,6,1,2.25,RPI,輕度污染,RPI=(DO點數+BOD5點數+SS點數+NH3-N點數)/4；DO、BOD5、SS、NH3-N依環境部RPI級距轉換為1、3、6、10點後平均。,可計算
water,site,1343,協成橋,苗栗縣,卓蘭鎮,大安溪流域,老庄溪,120.835937,24.3081519,2025/08,RPI,環境部環境資料開放平臺：河川水質監測資料 WQX_P_01,https://data.moenv.gov.tw/dataset/detail/WQX_P_01,https://wq.moenv.gov.tw/EWQP/zh/Encyclopedia/NounDefinition/Pedia_37.aspx,2025/8/15 13:30,8,<1.0,9.7,0.06,1,1,1,1,1,1.0,RPI,未受或稍受污染,RPI=(DO點數+BOD5點數+SS點數+NH3-N點數)/4；DO、BOD5、SS、NH3-N依環境部RPI級距轉換為1、3、6、10點後平均。,可計算
water,site,1343,協成橋,苗栗縣,卓蘭鎮,大安溪流域,老庄溪,120.835937,24.3081519,2025/09,RPI,環境部環境資料開放平臺：河川水質監測資料 WQX_P_01,https://data.moenv.gov.tw/dataset/detail/WQX_P_01,https://wq.moenv.gov.tw/EWQP/zh/Encyclopedia/NounDefinition/Pedia_37.aspx,2025/9/12 11:10,8.4,<1.0,9.5,0.05,1,1,1,1,1,1.0,RPI,未受或稍受污染,RPI=(DO點數+BOD5點數+SS點數+NH3-N點數)/4；DO、BOD5、SS、NH3-N依環境部RPI級距轉換為1、3、6、10點後平均。,可計算
water,site,1343,協成橋,苗栗縣,卓蘭鎮,大安溪流域,老庄溪,120.835937,24.3081519,2025/10,RPI,環境部環境資料開放平臺：河川水質監測資料 WQX_P_01,https://data.moenv.gov.tw/dataset/detail/WQX_P_01,https://wq.moenv.gov.tw/EWQP/zh/Encyclopedia/NounDefinition/Pedia_37.aspx,2025/10/13 13:21,9.6,1.2,6.3,0.05,1,1,1,1,1,1.0,RPI,未受或稍受污染,RPI=(DO點數+BOD5點數+SS點數+NH3-N點數)/4；DO、BOD5、SS、NH3-N依環境部RPI級距轉換為1、3、6、10點後平均。,可計算
water,site,1343,協成橋,苗栗縣,卓蘭鎮,大安溪流域,老庄溪,120.835937,24.3081519,2025/11,RPI,環境部環境資料開放平臺：河川水質監測資料 WQX_P_01,https://data.moenv.gov.tw/dataset/detail/WQX_P_01,https://wq.moenv.gov.tw/EWQP/zh/Encyclopedia/NounDefinition/Pedia_37.aspx,2025/11/5 10:00,-,-,-,-,-,,,,,,RPI,資料不足,RPI=(DO點數+BOD5點數+SS點數+NH3-N點數)/4；DO、BOD5、SS、NH3-N依環境部RPI級距轉換為1、3、6、10點後平均。,四項RPI參數不足
water,site,1343,協成橋,苗栗縣,卓蘭鎮,大安溪流域,老庄溪,120.835937,24.3081519,2025/12,RPI,環境部環境資料開放平臺：河川水質監測資料 WQX_P_01,https://data.moenv.gov.tw/dataset/detail/WQX_P_01,https://wq.moenv.gov.tw/EWQP/zh/Encyclopedia/NounDefinition/Pedia_37.aspx,2025/12/3 09:40,9,1.4,2.4,0.05,1,1,1,1,1,1.0,RPI,未受或稍受污染,RPI=(DO點數+BOD5點數+SS點數+NH3-N點數)/4；DO、BOD5、SS、NH3-N依環境部RPI級距轉換為1、3、6、10點後平均。,可計算
water,site,1344,文峰橋,苗栗縣,,大安溪流域,老庄溪,120.830495,24.3124669,2025/01,RPI,環境部環境資料開放平臺：河川水質監測資料 WQX_P_01,https://data.moenv.gov.tw/dataset/detail/WQX_P_01,https://wq.moenv.gov.tw/EWQP/zh/Encyclopedia/NounDefinition/Pedia_37.aspx,2025/1/2 11:20,10.2,2.1,4,0.05,1,1,1,1,1,1.0,RPI,未受或稍受污染,RPI=(DO點數+BOD5點數+SS點數+NH3-N點數)/4；DO、BOD5、SS、NH3-N依環境部RPI級距轉換為1、3、6、10點後平均。,可計算
water,site,1344,文峰橋,苗栗縣,,大安溪流域,老庄溪,120.830495,24.3124669,2025/02,RPI,環境部環境資料開放平臺：河川水質監測資料 WQX_P_01,https://data.moenv.gov.tw/dataset/detail/WQX_P_01,https://wq.moenv.gov.tw/EWQP/zh/Encyclopedia/NounDefinition/Pedia_37.aspx,2025/2/10 10:40,-,-,-,-,-,,,,,,RPI,資料不足,RPI=(DO點數+BOD5點數+SS點數+NH3-N點數)/4；DO、BOD5、SS、NH3-N依環境部RPI級距轉換為1、3、6、10點後平均。,四項RPI參數不足
water,site,1344,文峰橋,苗栗縣,卓蘭鎮,大安溪流域,老庄溪,120.830495,24.3124669,2025/03,RPI,環境部環境資料開放平臺：河川水質監測資料 WQX_P_01,https://data.moenv.gov.tw/dataset/detail/WQX_P_01,https://wq.moenv.gov.tw/EWQP/zh/Encyclopedia/NounDefinition/Pedia_37.aspx,2025/3/3 11:40,-,-,-,-,-,,,,,,RPI,資料不足,RPI=(DO點數+BOD5點數+SS點數+NH3-N點數)/4；DO、BOD5、SS、NH3-N依環境部RPI級距轉換為1、3、6、10點後平均。,四項RPI參數不足
water,site,1344,文峰橋,苗栗縣,卓蘭鎮,大安溪流域,老庄溪,120.830495,24.3124669,2025/04,RPI,環境部環境資料開放平臺：河川水質監測資料 WQX_P_01,https://data.moenv.gov.tw/dataset/detail/WQX_P_01,https://wq.moenv.gov.tw/EWQP/zh/Encyclopedia/NounDefinition/Pedia_37.aspx,2025/4/8 10:20,-,-,-,-,-,,,,,,RPI,資料不足,RPI=(DO點數+BOD5點數+SS點數+NH3-N點數)/4；DO、BOD5、SS、NH3-N依環境部RPI級距轉換為1、3、6、10點後平均。,四項RPI參數不足
water,site,1344,文峰橋,苗栗縣,卓蘭鎮,大安溪流域,老庄溪,120.830495,24.3124669,2025/05,RPI,環境部環境資料開放平臺：河川水質監測資料 WQX_P_01,https://data.moenv.gov.tw/dataset/detail/WQX_P_01,https://wq.moenv.gov.tw/EWQP/zh/Encyclopedia/NounDefinition/Pedia_37.aspx,2025/5/2 12:00,-,-,-,-,-,,,,,,RPI,資料不足,RPI=(DO點數+BOD5點數+SS點數+NH3-N點數)/4；DO、BOD5、SS、NH3-N依環境部RPI級距轉換為1、3、6、10點後平均。,四項RPI參數不足
water,site,1344,文峰橋,苗栗縣,卓蘭鎮,大安溪流域,老庄溪,120.830495,24.3124669,2025/06,RPI,環境部環境資料開放平臺：河川水質監測資料 WQX_P_01,https://data.moenv.gov.tw/dataset/detail/WQX_P_01,https://wq.moenv.gov.tw/EWQP/zh/Encyclopedia/NounDefinition/Pedia_37.aspx,2025/6/5 09:50,8.1,2,30.4,0.12,1.5,1,1,3,1,1.5,RPI,未受或稍受污染,RPI=(DO點數+BOD5點數+SS點數+NH3-N點數)/4；DO、BOD5、SS、NH3-N依環境部RPI級距轉換為1、3、6、10點後平均。,可計算
water,site,1344,文峰橋,苗栗縣,卓蘭鎮,大安溪流域,老庄溪,120.830495,24.3124669,2025/07,RPI,環境部環境資料開放平臺：河川水質監測資料 WQX_P_01,https://data.moenv.gov.tw/dataset/detail/WQX_P_01,https://wq.moenv.gov.tw/EWQP/zh/Encyclopedia/NounDefinition/Pedia_37.aspx,2025/7/18 11:40,7.7,1,68.5,0.1,2.25,1,1,6,1,2.25,RPI,輕度污染,RPI=(DO點數+BOD5點數+SS點數+NH3-N點數)/4；DO、BOD5、SS、NH3-N依環境部RPI級距轉換為1、3、6、10點後平均。,可計算
water,site,1344,文峰橋,苗栗縣,卓蘭鎮,大安溪流域,老庄溪,120.830495,24.3124669,2025/08,RPI,環境部環境資料開放平臺：河川水質監測資料 WQX_P_01,https://data.moenv.gov.tw/dataset/detail/WQX_P_01,https://wq.moenv.gov.tw/EWQP/zh/Encyclopedia/NounDefinition/Pedia_37.aspx,2025/8/15 14:20,-,-,-,-,-,,,,,,RPI,資料不足,RPI=(DO點數+BOD5點數+SS點數+NH3-N點數)/4；DO、BOD5、SS、NH3-N依環境部RPI級距轉換為1、3、6、10點後平均。,四項RPI參數不足
water,site,1344,文峰橋,苗栗縣,卓蘭鎮,大安溪流域,老庄溪,120.830495,24.3124669,2025/09,RPI,環境部環境資料開放平臺：河川水質監測資料 WQX_P_01,https://data.moenv.gov.tw/dataset/detail/WQX_P_01,https://wq.moenv.gov.tw/EWQP/zh/Encyclopedia/NounDefinition/Pedia_37.aspx,2025/9/12 11:50,-,-,-,-,-,,,,,,RPI,資料不足,RPI=(DO點數+BOD5點數+SS點數+NH3-N點數)/4；DO、BOD5、SS、NH3-N依環境部RPI級距轉換為1、3、6、10點後平均。,四項RPI參數不足
water,site,1344,文峰橋,苗栗縣,卓蘭鎮,大安溪流域,老庄溪,120.830495,24.3124669,2025/10,RPI,環境部環境資料開放平臺：河川水質監測資料 WQX_P_01,https://data.moenv.gov.tw/dataset/detail/WQX_P_01,https://wq.moenv.gov.tw/EWQP/zh/Encyclopedia/NounDefinition/Pedia_37.aspx,2025/10/13 14:00,-,-,-,-,-,,,,,,RPI,資料不足,RPI=(DO點數+BOD5點數+SS點數+NH3-N點數)/4；DO、BOD5、SS、NH3-N依環境部RPI級距轉換為1、3、6、10點後平均。,四項RPI參數不足
water,site,1344,文峰橋,苗栗縣,卓蘭鎮,大安溪流域,老庄溪,120.830495,24.3124669,2025/11,RPI,環境部環境資料開放平臺：河川水質監測資料 WQX_P_01,https://data.moenv.gov.tw/dataset/detail/WQX_P_01,https://wq.moenv.gov.tw/EWQP/zh/Encyclopedia/NounDefinition/Pedia_37.aspx,2025/11/5 10:40,-,-,-,-,-,,,,,,RPI,資料不足,RPI=(DO點數+BOD5點數+SS點數+NH3-N點數)/4；DO、BOD5、SS、NH3-N依環境部RPI級距轉換為1、3、6、10點後平均。,四項RPI參數不足
water,site,1344,文峰橋,苗栗縣,卓蘭鎮,大安溪流域,老庄溪,120.830495,24.3124669,2025/12,RPI,環境部環境資料開放平臺：河川水質監測資料 WQX_P_01,https://data.moenv.gov.tw/dataset/detail/WQX_P_01,https://wq.moenv.gov.tw/EWQP/zh/Encyclopedia/NounDefinition/Pedia_37.aspx,2025/12/3 10:00,-,-,-,-,-,,,,,,RPI,資料不足,RPI=(DO點數+BOD5點數+SS點數+NH3-N點數)/4；DO、BOD5、SS、NH3-N依環境部RPI級距轉換為1、3、6、10點後平均。,四項RPI參數不足
water,site,1101,竹森橋（原為竹森大橋）,苗栗縣,,西湖溪流域,西湖溪,120.7805989,24.4941931,2025/01,RPI,環境部環境資料開放平臺：河川水質監測資料 WQX_P_01,https://data.moenv.gov.tw/dataset/detail/WQX_P_01,https://wq.moenv.gov.tw/EWQP/zh/Encyclopedia/NounDefinition/Pedia_37.aspx,2025/1/3 10:00,-,-,-,-,-,,,,,,RPI,資料不足,RPI=(DO點數+BOD5點數+SS點數+NH3-N點數)/4；DO、BOD5、SS、NH3-N依環境部RPI級距轉換為1、3、6、10點後平均。,四項RPI參數不足
water,site,1101,竹森橋（原為竹森大橋）,苗栗縣,,西湖溪流域,西湖溪,120.7805989,24.4941931,2025/02,RPI,環境部環境資料開放平臺：河川水質監測資料 WQX_P_01,https://data.moenv.gov.tw/dataset/detail/WQX_P_01,https://wq.moenv.gov.tw/EWQP/zh/Encyclopedia/NounDefinition/Pedia_37.aspx,2025/2/3 10:20,-,-,-,-,-,,,,,,RPI,資料不足,RPI=(DO點數+BOD5點數+SS點數+NH3-N點數)/4；DO、BOD5、SS、NH3-N依環境部RPI級距轉換為1、3、6、10點後平均。,四項RPI參數不足
water,site,1101,竹森橋（原為竹森大橋）,苗栗縣,銅鑼鄉,西湖溪流域,西湖溪,120.7805989,24.4941931,2025/03,RPI,環境部環境資料開放平臺：河川水質監測資料 WQX_P_01,https://data.moenv.gov.tw/dataset/detail/WQX_P_01,https://wq.moenv.gov.tw/EWQP/zh/Encyclopedia/NounDefinition/Pedia_37.aspx,2025/3/5 10:20,8.6,11.2,16.6,0.19,2.25,1,6,1,1,2.25,RPI,輕度污染,RPI=(DO點數+BOD5點數+SS點數+NH3-N點數)/4；DO、BOD5、SS、NH3-N依環境部RPI級距轉換為1、3、6、10點後平均。,可計算
water,site,1101,竹森橋（原為竹森大橋）,苗栗縣,銅鑼鄉,西湖溪流域,西湖溪,120.7805989,24.4941931,2025/04,RPI,環境部環境資料開放平臺：河川水質監測資料 WQX_P_01,https://data.moenv.gov.tw/dataset/detail/WQX_P_01,https://wq.moenv.gov.tw/EWQP/zh/Encyclopedia/NounDefinition/Pedia_37.aspx,2025/4/7 08:30,8.8,1.7,3.1,0.11,1,1,1,1,1,1.0,RPI,未受或稍受污染,RPI=(DO點數+BOD5點數+SS點數+NH3-N點數)/4；DO、BOD5、SS、NH3-N依環境部RPI級距轉換為1、3、6、10點後平均。,可計算
water,site,1101,竹森橋（原為竹森大橋）,苗栗縣,銅鑼鄉,西湖溪流域,西湖溪,120.7805989,24.4941931,2025/05,RPI,環境部環境資料開放平臺：河川水質監測資料 WQX_P_01,https://data.moenv.gov.tw/dataset/detail/WQX_P_01,https://wq.moenv.gov.tw/EWQP/zh/Encyclopedia/NounDefinition/Pedia_37.aspx,2025/5/14 09:30,8.4,1.2,3.3,0.07,1,1,1,1,1,1.0,RPI,未受或稍受污染,RPI=(DO點數+BOD5點數+SS點數+NH3-N點數)/4；DO、BOD5、SS、NH3-N依環境部RPI級距轉換為1、3、6、10點後平均。,可計算
water,site,1101,竹森橋（原為竹森大橋）,苗栗縣,銅鑼鄉,西湖溪流域,西湖溪,120.7805989,24.4941931,2025/06,RPI,環境部環境資料開放平臺：河川水質監測資料 WQX_P_01,https://data.moenv.gov.tw/dataset/detail/WQX_P_01,https://wq.moenv.gov.tw/EWQP/zh/Encyclopedia/NounDefinition/Pedia_37.aspx,2025/6/4 08:10,8,<1.0,3.9,0.02,1,1,1,1,1,1.0,RPI,未受或稍受污染,RPI=(DO點數+BOD5點數+SS點數+NH3-N點數)/4；DO、BOD5、SS、NH3-N依環境部RPI級距轉換為1、3、6、10點後平均。,可計算
water,site,1101,竹森橋（原為竹森大橋）,苗栗縣,銅鑼鄉,西湖溪流域,西湖溪,120.7805989,24.4941931,2025/07,RPI,環境部環境資料開放平臺：河川水質監測資料 WQX_P_01,https://data.moenv.gov.tw/dataset/detail/WQX_P_01,https://wq.moenv.gov.tw/EWQP/zh/Encyclopedia/NounDefinition/Pedia_37.aspx,2025/7/4 08:10,7.6,<1.0,1.2,0.06,1,1,1,1,1,1.0,RPI,未受或稍受污染,RPI=(DO點數+BOD5點數+SS點數+NH3-N點數)/4；DO、BOD5、SS、NH3-N依環境部RPI級距轉換為1、3、6、10點後平均。,可計算
water,site,1101,竹森橋（原為竹森大橋）,苗栗縣,銅鑼鄉,西湖溪流域,西湖溪,120.7805989,24.4941931,2025/08,RPI,環境部環境資料開放平臺：河川水質監測資料 WQX_P_01,https://data.moenv.gov.tw/dataset/detail/WQX_P_01,https://wq.moenv.gov.tw/EWQP/zh/Encyclopedia/NounDefinition/Pedia_37.aspx,2025/8/4 08:00,8.2,<1.0,8,0.04,1,1,1,1,1,1.0,RPI,未受或稍受污染,RPI=(DO點數+BOD5點數+SS點數+NH3-N點數)/4；DO、BOD5、SS、NH3-N依環境部RPI級距轉換為1、3、6、10點後平均。,可計算
water,site,1101,竹森橋（原為竹森大橋）,苗栗縣,銅鑼鄉,西湖溪流域,西湖溪,120.7805989,24.4941931,2025/09,RPI,環境部環境資料開放平臺：河川水質監測資料 WQX_P_01,https://data.moenv.gov.tw/dataset/detail/WQX_P_01,https://wq.moenv.gov.tw/EWQP/zh/Encyclopedia/NounDefinition/Pedia_37.aspx,2025/9/12 10:30,7.9,<1.0,4.1,0.01,1,1,1,1,1,1.0,RPI,未受或稍受污染,RPI=(DO點數+BOD5點數+SS點數+NH3-N點數)/4；DO、BOD5、SS、NH3-N依環境部RPI級距轉換為1、3、6、10點後平均。,可計算
water,site,1101,竹森橋（原為竹森大橋）,苗栗縣,銅鑼鄉,西湖溪流域,西湖溪,120.7805989,24.4941931,2025/10,RPI,環境部環境資料開放平臺：河川水質監測資料 WQX_P_01,https://data.moenv.gov.tw/dataset/detail/WQX_P_01,https://wq.moenv.gov.tw/EWQP/zh/Encyclopedia/NounDefinition/Pedia_37.aspx,2025/10/16 08:40,-,-,-,-,-,,,,,,RPI,資料不足,RPI=(DO點數+BOD5點數+SS點數+NH3-N點數)/4；DO、BOD5、SS、NH3-N依環境部RPI級距轉換為1、3、6、10點後平均。,四項RPI參數不足
water,site,1101,竹森橋（原為竹森大橋）,苗栗縣,銅鑼鄉,西湖溪流域,西湖溪,120.7805989,24.4941931,2025/11,RPI,環境部環境資料開放平臺：河川水質監測資料 WQX_P_01,https://data.moenv.gov.tw/dataset/detail/WQX_P_01,https://wq.moenv.gov.tw/EWQP/zh/Encyclopedia/NounDefinition/Pedia_37.aspx,2025/11/10 11:20,-,-,-,-,-,,,,,,RPI,資料不足,RPI=(DO點數+BOD5點數+SS點數+NH3-N點數)/4；DO、BOD5、SS、NH3-N依環境部RPI級距轉換為1、3、6、10點後平均。,四項RPI參數不足
water,site,1101,竹森橋（原為竹森大橋）,苗栗縣,銅鑼鄉,西湖溪流域,西湖溪,120.7805989,24.4941931,2025/12,RPI,環境部環境資料開放平臺：河川水質監測資料 WQX_P_01,https://data.moenv.gov.tw/dataset/detail/WQX_P_01,https://wq.moenv.gov.tw/EWQP/zh/Encyclopedia/NounDefinition/Pedia_37.aspx,2025/12/10 11:30,-,-,-,-,-,,,,,,RPI,資料不足,RPI=(DO點數+BOD5點數+SS點數+NH3-N點數)/4；DO、BOD5、SS、NH3-N依環境部RPI級距轉換為1、3、6、10點後平均。,四項RPI參數不足
water,site,1102,龍壽橋,苗栗縣,,西湖溪流域,西湖溪,120.7478719,24.533339,2025/01,RPI,環境部環境資料開放平臺：河川水質監測資料 WQX_P_01,https://data.moenv.gov.tw/dataset/detail/WQX_P_01,https://wq.moenv.gov.tw/EWQP/zh/Encyclopedia/NounDefinition/Pedia_37.aspx,2025/1/3 11:00,-,-,-,-,-,,,,,,RPI,資料不足,RPI=(DO點數+BOD5點數+SS點數+NH3-N點數)/4；DO、BOD5、SS、NH3-N依環境部RPI級距轉換為1、3、6、10點後平均。,四項RPI參數不足
water,site,1102,龍壽橋,苗栗縣,,西湖溪流域,西湖溪,120.7478719,24.533339,2025/02,RPI,環境部環境資料開放平臺：河川水質監測資料 WQX_P_01,https://data.moenv.gov.tw/dataset/detail/WQX_P_01,https://wq.moenv.gov.tw/EWQP/zh/Encyclopedia/NounDefinition/Pedia_37.aspx,2025/2/3 11:20,-,-,-,-,-,,,,,,RPI,資料不足,RPI=(DO點數+BOD5點數+SS點數+NH3-N點數)/4；DO、BOD5、SS、NH3-N依環境部RPI級距轉換為1、3、6、10點後平均。,四項RPI參數不足
water,site,1102,龍壽橋,苗栗縣,西湖鄉,西湖溪流域,西湖溪,120.7478719,24.533339,2025/03,RPI,環境部環境資料開放平臺：河川水質監測資料 WQX_P_01,https://data.moenv.gov.tw/dataset/detail/WQX_P_01,https://wq.moenv.gov.tw/EWQP/zh/Encyclopedia/NounDefinition/Pedia_37.aspx,2025/3/5 11:20,8.6,2.7,22.6,0.2,1.5,1,1,3,1,1.5,RPI,未受或稍受污染,RPI=(DO點數+BOD5點數+SS點數+NH3-N點數)/4；DO、BOD5、SS、NH3-N依環境部RPI級距轉換為1、3、6、10點後平均。,可計算
water,site,1102,龍壽橋,苗栗縣,西湖鄉,西湖溪流域,西湖溪,120.7478719,24.533339,2025/04,RPI,環境部環境資料開放平臺：河川水質監測資料 WQX_P_01,https://data.moenv.gov.tw/dataset/detail/WQX_P_01,https://wq.moenv.gov.tw/EWQP/zh/Encyclopedia/NounDefinition/Pedia_37.aspx,2025/4/7 09:30,-,-,-,-,-,,,,,,RPI,資料不足,RPI=(DO點數+BOD5點數+SS點數+NH3-N點數)/4；DO、BOD5、SS、NH3-N依環境部RPI級距轉換為1、3、6、10點後平均。,四項RPI參數不足
water,site,1102,龍壽橋,苗栗縣,西湖鄉,西湖溪流域,西湖溪,120.7478719,24.533339,2025/05,RPI,環境部環境資料開放平臺：河川水質監測資料 WQX_P_01,https://data.moenv.gov.tw/dataset/detail/WQX_P_01,https://wq.moenv.gov.tw/EWQP/zh/Encyclopedia/NounDefinition/Pedia_37.aspx,2025/5/14 10:30,9.2,1.2,2.3,0.07,1,1,1,1,1,1.0,RPI,未受或稍受污染,RPI=(DO點數+BOD5點數+SS點數+NH3-N點數)/4；DO、BOD5、SS、NH3-N依環境部RPI級距轉換為1、3、6、10點後平均。,可計算
water,site,1102,龍壽橋,苗栗縣,西湖鄉,西湖溪流域,西湖溪,120.7478719,24.533339,2025/06,RPI,環境部環境資料開放平臺：河川水質監測資料 WQX_P_01,https://data.moenv.gov.tw/dataset/detail/WQX_P_01,https://wq.moenv.gov.tw/EWQP/zh/Encyclopedia/NounDefinition/Pedia_37.aspx,2025/6/4 09:10,8.7,<1.0,5.2,0.02,1,1,1,1,1,1.0,RPI,未受或稍受污染,RPI=(DO點數+BOD5點數+SS點數+NH3-N點數)/4；DO、BOD5、SS、NH3-N依環境部RPI級距轉換為1、3、6、10點後平均。,可計算
water,site,1102,龍壽橋,苗栗縣,西湖鄉,西湖溪流域,西湖溪,120.7478719,24.533339,2025/07,RPI,環境部環境資料開放平臺：河川水質監測資料 WQX_P_01,https://data.moenv.gov.tw/dataset/detail/WQX_P_01,https://wq.moenv.gov.tw/EWQP/zh/Encyclopedia/NounDefinition/Pedia_37.aspx,2025/7/4 09:10,-,-,-,-,-,,,,,,RPI,資料不足,RPI=(DO點數+BOD5點數+SS點數+NH3-N點數)/4；DO、BOD5、SS、NH3-N依環境部RPI級距轉換為1、3、6、10點後平均。,四項RPI參數不足
water,site,1102,龍壽橋,苗栗縣,西湖鄉,西湖溪流域,西湖溪,120.7478719,24.533339,2025/08,RPI,環境部環境資料開放平臺：河川水質監測資料 WQX_P_01,https://data.moenv.gov.tw/dataset/detail/WQX_P_01,https://wq.moenv.gov.tw/EWQP/zh/Encyclopedia/NounDefinition/Pedia_37.aspx,2025/8/4 09:00,8.2,<1.0,9.4,0.05,1,1,1,1,1,1.0,RPI,未受或稍受污染,RPI=(DO點數+BOD5點數+SS點數+NH3-N點數)/4；DO、BOD5、SS、NH3-N依環境部RPI級距轉換為1、3、6、10點後平均。,可計算
water,site,1102,龍壽橋,苗栗縣,西湖鄉,西湖溪流域,西湖溪,120.7478719,24.533339,2025/09,RPI,環境部環境資料開放平臺：河川水質監測資料 WQX_P_01,https://data.moenv.gov.tw/dataset/detail/WQX_P_01,https://wq.moenv.gov.tw/EWQP/zh/Encyclopedia/NounDefinition/Pedia_37.aspx,2025/9/12 11:30,8.6,<1.0,4.5,0.04,1,1,1,1,1,1.0,RPI,未受或稍受污染,RPI=(DO點數+BOD5點數+SS點數+NH3-N點數)/4；DO、BOD5、SS、NH3-N依環境部RPI級距轉換為1、3、6、10點後平均。,可計算
water,site,1102,龍壽橋,苗栗縣,西湖鄉,西湖溪流域,西湖溪,120.7478719,24.533339,2025/10,RPI,環境部環境資料開放平臺：河川水質監測資料 WQX_P_01,https://data.moenv.gov.tw/dataset/detail/WQX_P_01,https://wq.moenv.gov.tw/EWQP/zh/Encyclopedia/NounDefinition/Pedia_37.aspx,2025/10/16 09:40,9.3,<1.0,2.8,0.05,1,1,1,1,1,1.0,RPI,未受或稍受污染,RPI=(DO點數+BOD5點數+SS點數+NH3-N點數)/4；DO、BOD5、SS、NH3-N依環境部RPI級距轉換為1、3、6、10點後平均。,可計算
water,site,1102,龍壽橋,苗栗縣,西湖鄉,西湖溪流域,西湖溪,120.7478719,24.533339,2025/11,RPI,環境部環境資料開放平臺：河川水質監測資料 WQX_P_01,https://data.moenv.gov.tw/dataset/detail/WQX_P_01,https://wq.moenv.gov.tw/EWQP/zh/Encyclopedia/NounDefinition/Pedia_37.aspx,2025/11/10 13:30,8.2,<1.0,34.7,0.04,1.5,1,1,3,1,1.5,RPI,未受或稍受污染,RPI=(DO點數+BOD5點數+SS點數+NH3-N點數)/4；DO、BOD5、SS、NH3-N依環境部RPI級距轉換為1、3、6、10點後平均。,可計算
water,site,1102,龍壽橋,苗栗縣,西湖鄉,西湖溪流域,西湖溪,120.7478719,24.533339,2025/12,RPI,環境部環境資料開放平臺：河川水質監測資料 WQX_P_01,https://data.moenv.gov.tw/dataset/detail/WQX_P_01,https://wq.moenv.gov.tw/EWQP/zh/Encyclopedia/NounDefinition/Pedia_37.aspx,2025/12/10 13:30,9.9,<1.0,8.1,0.04,1,1,1,1,1,1.0,RPI,未受或稍受污染,RPI=(DO點數+BOD5點數+SS點數+NH3-N點數)/4；DO、BOD5、SS、NH3-N依環境部RPI級距轉換為1、3、6、10點後平均。,可計算
water,site,1103,西湖橋(原名四湖橋),苗栗縣,,西湖溪流域,西湖溪,120.752601,24.5632681,2025/01,RPI,環境部環境資料開放平臺：河川水質監測資料 WQX_P_01,https://data.moenv.gov.tw/dataset/detail/WQX_P_01,https://wq.moenv.gov.tw/EWQP/zh/Encyclopedia/NounDefinition/Pedia_37.aspx,2025/1/3 12:00,10.4,2.5,7.6,0.07,1,1,1,1,1,1.0,RPI,未受或稍受污染,RPI=(DO點數+BOD5點數+SS點數+NH3-N點數)/4；DO、BOD5、SS、NH3-N依環境部RPI級距轉換為1、3、6、10點後平均。,可計算
water,site,1103,西湖橋(原名四湖橋),苗栗縣,,西湖溪流域,西湖溪,120.752601,24.5632681,2025/02,RPI,環境部環境資料開放平臺：河川水質監測資料 WQX_P_01,https://data.moenv.gov.tw/dataset/detail/WQX_P_01,https://wq.moenv.gov.tw/EWQP/zh/Encyclopedia/NounDefinition/Pedia_37.aspx,2025/2/3 12:20,9.9,7.4,6,0.15,2.25,1,6,1,1,2.25,RPI,輕度污染,RPI=(DO點數+BOD5點數+SS點數+NH3-N點數)/4；DO、BOD5、SS、NH3-N依環境部RPI級距轉換為1、3、6、10點後平均。,可計算
water,site,1103,西湖橋(原名四湖橋),苗栗縣,西湖鄉,西湖溪流域,西湖溪,120.752601,24.5632681,2025/03,RPI,環境部環境資料開放平臺：河川水質監測資料 WQX_P_01,https://data.moenv.gov.tw/dataset/detail/WQX_P_01,https://wq.moenv.gov.tw/EWQP/zh/Encyclopedia/NounDefinition/Pedia_37.aspx,2025/3/5 12:20,8.9,3.2,45.4,0.16,2,1,3,3,1,2.0,RPI,未受或稍受污染,RPI=(DO點數+BOD5點數+SS點數+NH3-N點數)/4；DO、BOD5、SS、NH3-N依環境部RPI級距轉換為1、3、6、10點後平均。,可計算
water,site,1103,西湖橋(原名四湖橋),苗栗縣,西湖鄉,西湖溪流域,西湖溪,120.752601,24.5632681,2025/04,RPI,環境部環境資料開放平臺：河川水質監測資料 WQX_P_01,https://data.moenv.gov.tw/dataset/detail/WQX_P_01,https://wq.moenv.gov.tw/EWQP/zh/Encyclopedia/NounDefinition/Pedia_37.aspx,2025/4/7 10:30,10.1,1.3,6.6,0.08,1,1,1,1,1,1.0,RPI,未受或稍受污染,RPI=(DO點數+BOD5點數+SS點數+NH3-N點數)/4；DO、BOD5、SS、NH3-N依環境部RPI級距轉換為1、3、6、10點後平均。,可計算
water,site,1103,西湖橋(原名四湖橋),苗栗縣,西湖鄉,西湖溪流域,西湖溪,120.752601,24.5632681,2025/05,RPI,環境部環境資料開放平臺：河川水質監測資料 WQX_P_01,https://data.moenv.gov.tw/dataset/detail/WQX_P_01,https://wq.moenv.gov.tw/EWQP/zh/Encyclopedia/NounDefinition/Pedia_37.aspx,2025/5/14 11:31,9.1,1.2,3.6,0.08,1,1,1,1,1,1.0,RPI,未受或稍受污染,RPI=(DO點數+BOD5點數+SS點數+NH3-N點數)/4；DO、BOD5、SS、NH3-N依環境部RPI級距轉換為1、3、6、10點後平均。,可計算
water,site,1103,西湖橋(原名四湖橋),苗栗縣,西湖鄉,西湖溪流域,西湖溪,120.752601,24.5632681,2025/06,RPI,環境部環境資料開放平臺：河川水質監測資料 WQX_P_01,https://data.moenv.gov.tw/dataset/detail/WQX_P_01,https://wq.moenv.gov.tw/EWQP/zh/Encyclopedia/NounDefinition/Pedia_37.aspx,2025/6/4 10:10,8.7,1,8.4,0.04,1,1,1,1,1,1.0,RPI,未受或稍受污染,RPI=(DO點數+BOD5點數+SS點數+NH3-N點數)/4；DO、BOD5、SS、NH3-N依環境部RPI級距轉換為1、3、6、10點後平均。,可計算
water,site,1103,西湖橋(原名四湖橋),苗栗縣,西湖鄉,西湖溪流域,西湖溪,120.752601,24.5632681,2025/07,RPI,環境部環境資料開放平臺：河川水質監測資料 WQX_P_01,https://data.moenv.gov.tw/dataset/detail/WQX_P_01,https://wq.moenv.gov.tw/EWQP/zh/Encyclopedia/NounDefinition/Pedia_37.aspx,2025/7/4 10:10,7.7,<1.0,31,0.1,1.5,1,1,3,1,1.5,RPI,未受或稍受污染,RPI=(DO點數+BOD5點數+SS點數+NH3-N點數)/4；DO、BOD5、SS、NH3-N依環境部RPI級距轉換為1、3、6、10點後平均。,可計算
water,site,1103,西湖橋(原名四湖橋),苗栗縣,西湖鄉,西湖溪流域,西湖溪,120.752601,24.5632681,2025/08,RPI,環境部環境資料開放平臺：河川水質監測資料 WQX_P_01,https://data.moenv.gov.tw/dataset/detail/WQX_P_01,https://wq.moenv.gov.tw/EWQP/zh/Encyclopedia/NounDefinition/Pedia_37.aspx,2025/8/4 10:00,8.3,<1.0,13.6,0.06,1,1,1,1,1,1.0,RPI,未受或稍受污染,RPI=(DO點數+BOD5點數+SS點數+NH3-N點數)/4；DO、BOD5、SS、NH3-N依環境部RPI級距轉換為1、3、6、10點後平均。,可計算
water,site,1103,西湖橋(原名四湖橋),苗栗縣,西湖鄉,西湖溪流域,西湖溪,120.752601,24.5632681,2025/09,RPI,環境部環境資料開放平臺：河川水質監測資料 WQX_P_01,https://data.moenv.gov.tw/dataset/detail/WQX_P_01,https://wq.moenv.gov.tw/EWQP/zh/Encyclopedia/NounDefinition/Pedia_37.aspx,2025/9/12 12:30,9.1,<1.0,5.7,0.04,1,1,1,1,1,1.0,RPI,未受或稍受污染,RPI=(DO點數+BOD5點數+SS點數+NH3-N點數)/4；DO、BOD5、SS、NH3-N依環境部RPI級距轉換為1、3、6、10點後平均。,可計算
water,site,1103,西湖橋(原名四湖橋),苗栗縣,西湖鄉,西湖溪流域,西湖溪,120.752601,24.5632681,2025/10,RPI,環境部環境資料開放平臺：河川水質監測資料 WQX_P_01,https://data.moenv.gov.tw/dataset/detail/WQX_P_01,https://wq.moenv.gov.tw/EWQP/zh/Encyclopedia/NounDefinition/Pedia_37.aspx,2025/10/16 10:40,9.3,<1.0,4.8,0.06,1,1,1,1,1,1.0,RPI,未受或稍受污染,RPI=(DO點數+BOD5點數+SS點數+NH3-N點數)/4；DO、BOD5、SS、NH3-N依環境部RPI級距轉換為1、3、6、10點後平均。,可計算
water,site,1103,西湖橋(原名四湖橋),苗栗縣,西湖鄉,西湖溪流域,西湖溪,120.752601,24.5632681,2025/11,RPI,環境部環境資料開放平臺：河川水質監測資料 WQX_P_01,https://data.moenv.gov.tw/dataset/detail/WQX_P_01,https://wq.moenv.gov.tw/EWQP/zh/Encyclopedia/NounDefinition/Pedia_37.aspx,2025/11/10 14:30,8.7,<1.0,18.4,0.04,1,1,1,1,1,1.0,RPI,未受或稍受污染,RPI=(DO點數+BOD5點數+SS點數+NH3-N點數)/4；DO、BOD5、SS、NH3-N依環境部RPI級距轉換為1、3、6、10點後平均。,可計算
water,site,1103,西湖橋(原名四湖橋),苗栗縣,西湖鄉,西湖溪流域,西湖溪,120.752601,24.5632681,2025/12,RPI,環境部環境資料開放平臺：河川水質監測資料 WQX_P_01,https://data.moenv.gov.tw/dataset/detail/WQX_P_01,https://wq.moenv.gov.tw/EWQP/zh/Encyclopedia/NounDefinition/Pedia_37.aspx,2025/12/10 14:30,10.3,<1.0,9.5,0.07,1,1,1,1,1,1.0,RPI,未受或稍受污染,RPI=(DO點數+BOD5點數+SS點數+NH3-N點數)/4；DO、BOD5、SS、NH3-N依環境部RPI級距轉換為1、3、6、10點後平均。,可計算
water,site,1297,竹盛橋（原為竹盛大橋）,苗栗縣,,西湖溪流域,西湖溪,120.7778481,24.44951,2025/01,RPI,環境部環境資料開放平臺：河川水質監測資料 WQX_P_01,https://data.moenv.gov.tw/dataset/detail/WQX_P_01,https://wq.moenv.gov.tw/EWQP/zh/Encyclopedia/NounDefinition/Pedia_37.aspx,2025/1/3 09:00,9,<1.0,2.6,0.15,1,1,1,1,1,1.0,RPI,未受或稍受污染,RPI=(DO點數+BOD5點數+SS點數+NH3-N點數)/4；DO、BOD5、SS、NH3-N依環境部RPI級距轉換為1、3、6、10點後平均。,可計算
water,site,1297,竹盛橋（原為竹盛大橋）,苗栗縣,,西湖溪流域,西湖溪,120.7778481,24.44951,2025/02,RPI,環境部環境資料開放平臺：河川水質監測資料 WQX_P_01,https://data.moenv.gov.tw/dataset/detail/WQX_P_01,https://wq.moenv.gov.tw/EWQP/zh/Encyclopedia/NounDefinition/Pedia_37.aspx,2025/2/3 09:30,8.1,11,2.2,0.2,2.25,1,6,1,1,2.25,RPI,輕度污染,RPI=(DO點數+BOD5點數+SS點數+NH3-N點數)/4；DO、BOD5、SS、NH3-N依環境部RPI級距轉換為1、3、6、10點後平均。,可計算
water,site,1297,竹盛橋（原為竹盛大橋）,苗栗縣,銅鑼鄉,西湖溪流域,西湖溪,120.7778481,24.44951,2025/03,RPI,環境部環境資料開放平臺：河川水質監測資料 WQX_P_01,https://data.moenv.gov.tw/dataset/detail/WQX_P_01,https://wq.moenv.gov.tw/EWQP/zh/Encyclopedia/NounDefinition/Pedia_37.aspx,2025/3/5 09:30,8.3,2.6,19,0.19,1,1,1,1,1,1.0,RPI,未受或稍受污染,RPI=(DO點數+BOD5點數+SS點數+NH3-N點數)/4；DO、BOD5、SS、NH3-N依環境部RPI級距轉換為1、3、6、10點後平均。,可計算
water,site,1297,竹盛橋（原為竹盛大橋）,苗栗縣,銅鑼鄉,西湖溪流域,西湖溪,120.7778481,24.44951,2025/04,RPI,環境部環境資料開放平臺：河川水質監測資料 WQX_P_01,https://data.moenv.gov.tw/dataset/detail/WQX_P_01,https://wq.moenv.gov.tw/EWQP/zh/Encyclopedia/NounDefinition/Pedia_37.aspx,2025/4/7 07:30,8.6,6.4,1.7,0.06,2.25,1,6,1,1,2.25,RPI,輕度污染,RPI=(DO點數+BOD5點數+SS點數+NH3-N點數)/4；DO、BOD5、SS、NH3-N依環境部RPI級距轉換為1、3、6、10點後平均。,可計算
water,site,1297,竹盛橋（原為竹盛大橋）,苗栗縣,銅鑼鄉,西湖溪流域,西湖溪,120.7778481,24.44951,2025/05,RPI,環境部環境資料開放平臺：河川水質監測資料 WQX_P_01,https://data.moenv.gov.tw/dataset/detail/WQX_P_01,https://wq.moenv.gov.tw/EWQP/zh/Encyclopedia/NounDefinition/Pedia_37.aspx,2025/5/14 08:30,8.3,<1.0,3.8,0.04,1,1,1,1,1,1.0,RPI,未受或稍受污染,RPI=(DO點數+BOD5點數+SS點數+NH3-N點數)/4；DO、BOD5、SS、NH3-N依環境部RPI級距轉換為1、3、6、10點後平均。,可計算
water,site,1297,竹盛橋（原為竹盛大橋）,苗栗縣,銅鑼鄉,西湖溪流域,西湖溪,120.7778481,24.44951,2025/06,RPI,環境部環境資料開放平臺：河川水質監測資料 WQX_P_01,https://data.moenv.gov.tw/dataset/detail/WQX_P_01,https://wq.moenv.gov.tw/EWQP/zh/Encyclopedia/NounDefinition/Pedia_37.aspx,2025/6/4 07:10,7.5,<1.0,9.8,0.05,1,1,1,1,1,1.0,RPI,未受或稍受污染,RPI=(DO點數+BOD5點數+SS點數+NH3-N點數)/4；DO、BOD5、SS、NH3-N依環境部RPI級距轉換為1、3、6、10點後平均。,可計算
water,site,1297,竹盛橋（原為竹盛大橋）,苗栗縣,銅鑼鄉,西湖溪流域,西湖溪,120.7778481,24.44951,2025/07,RPI,環境部環境資料開放平臺：河川水質監測資料 WQX_P_01,https://data.moenv.gov.tw/dataset/detail/WQX_P_01,https://wq.moenv.gov.tw/EWQP/zh/Encyclopedia/NounDefinition/Pedia_37.aspx,2025/7/4 07:10,7.1,<1.0,1.1,0.05,1,1,1,1,1,1.0,RPI,未受或稍受污染,RPI=(DO點數+BOD5點數+SS點數+NH3-N點數)/4；DO、BOD5、SS、NH3-N依環境部RPI級距轉換為1、3、6、10點後平均。,可計算
water,site,1297,竹盛橋（原為竹盛大橋）,苗栗縣,銅鑼鄉,西湖溪流域,西湖溪,120.7778481,24.44951,2025/08,RPI,環境部環境資料開放平臺：河川水質監測資料 WQX_P_01,https://data.moenv.gov.tw/dataset/detail/WQX_P_01,https://wq.moenv.gov.tw/EWQP/zh/Encyclopedia/NounDefinition/Pedia_37.aspx,2025/8/4 07:00,8.1,<1.0,11.6,0.08,1,1,1,1,1,1.0,RPI,未受或稍受污染,RPI=(DO點數+BOD5點數+SS點數+NH3-N點數)/4；DO、BOD5、SS、NH3-N依環境部RPI級距轉換為1、3、6、10點後平均。,可計算
water,site,1297,竹盛橋（原為竹盛大橋）,苗栗縣,銅鑼鄉,西湖溪流域,西湖溪,120.7778481,24.44951,2025/09,RPI,環境部環境資料開放平臺：河川水質監測資料 WQX_P_01,https://data.moenv.gov.tw/dataset/detail/WQX_P_01,https://wq.moenv.gov.tw/EWQP/zh/Encyclopedia/NounDefinition/Pedia_37.aspx,2025/9/12 09:30,8.1,<1.0,4.5,0.04,1,1,1,1,1,1.0,RPI,未受或稍受污染,RPI=(DO點數+BOD5點數+SS點數+NH3-N點數)/4；DO、BOD5、SS、NH3-N依環境部RPI級距轉換為1、3、6、10點後平均。,可計算
water,site,1297,竹盛橋（原為竹盛大橋）,苗栗縣,銅鑼鄉,西湖溪流域,西湖溪,120.7778481,24.44951,2025/10,RPI,環境部環境資料開放平臺：河川水質監測資料 WQX_P_01,https://data.moenv.gov.tw/dataset/detail/WQX_P_01,https://wq.moenv.gov.tw/EWQP/zh/Encyclopedia/NounDefinition/Pedia_37.aspx,2025/10/16 07:40,7.4,<1.0,2,0.03,1,1,1,1,1,1.0,RPI,未受或稍受污染,RPI=(DO點數+BOD5點數+SS點數+NH3-N點數)/4；DO、BOD5、SS、NH3-N依環境部RPI級距轉換為1、3、6、10點後平均。,可計算
water,site,1297,竹盛橋（原為竹盛大橋）,苗栗縣,銅鑼鄉,西湖溪流域,西湖溪,120.7778481,24.44951,2025/11,RPI,環境部環境資料開放平臺：河川水質監測資料 WQX_P_01,https://data.moenv.gov.tw/dataset/detail/WQX_P_01,https://wq.moenv.gov.tw/EWQP/zh/Encyclopedia/NounDefinition/Pedia_37.aspx,2025/11/10 10:20,7.2,4.5,4.4,0.12,1.5,1,3,1,1,1.5,RPI,未受或稍受污染,RPI=(DO點數+BOD5點數+SS點數+NH3-N點數)/4；DO、BOD5、SS、NH3-N依環境部RPI級距轉換為1、3、6、10點後平均。,可計算
water,site,1297,竹盛橋（原為竹盛大橋）,苗栗縣,銅鑼鄉,西湖溪流域,西湖溪,120.7778481,24.44951,2025/12,RPI,環境部環境資料開放平臺：河川水質監測資料 WQX_P_01,https://data.moenv.gov.tw/dataset/detail/WQX_P_01,https://wq.moenv.gov.tw/EWQP/zh/Encyclopedia/NounDefinition/Pedia_37.aspx,2025/12/10 10:30,-,-,-,-,-,,,,,,RPI,資料不足,RPI=(DO點數+BOD5點數+SS點數+NH3-N點數)/4；DO、BOD5、SS、NH3-N依環境部RPI級距轉換為1、3、6、10點後平均。,四項RPI參數不足
