category,waterway_type,river,basin,month,metric,source_name,source_url,formula_source_url,source_site_count,source_site_ids,source_site_names,raw_site_rpi_values,raw_do_values_mg_l,raw_bod5_values_mg_l,raw_ss_values_mg_l,raw_nh3n_values_mg_l,processed_value,processed_unit,processed_level,processed_method,data_status
water,river,中港溪,中港溪流域,2025/01,RPI,環境部環境資料開放平臺：河川水質監測資料 WQX_P_01,https://data.moenv.gov.tw/dataset/detail/WQX_P_01,https://wq.moenv.gov.tw/EWQP/zh/Encyclopedia/NounDefinition/Pedia_37.aspx,5,1092;1093;1094;1095;1680,三灣大橋;平安大橋;東興大橋;尖山大橋(取代中港溪橋);五福大橋,1092:1.0;1093:1.0;1094:1.0;1095:2.75;1680:2.75,1092:10.2;1093:9.7;1094:9.4;1095:6.4;1680:6.1,1092:<1.0;1093:1.4;1094:<1.0;1095:2.7;1680:2.7,1092:1.9;1093:2.4;1094:2.3;1095:15.2;1680:18.9,1092:0.1;1093:0.09;1094:0.07;1095:1.92;1680:1.35,1.7,RPI,未受或稍受污染,先以各測站DO、BOD5、SS、NH3-N四項參數依環境部RPI公式計算測站RPI，再依同一溪流同月份所有有效測站RPI取平均。,已整理
water,river,中港溪,中港溪流域,2025/02,RPI,環境部環境資料開放平臺：河川水質監測資料 WQX_P_01,https://data.moenv.gov.tw/dataset/detail/WQX_P_01,https://wq.moenv.gov.tw/EWQP/zh/Encyclopedia/NounDefinition/Pedia_37.aspx,4,1092;1093;1095;1680,三灣大橋;平安大橋;尖山大橋(取代中港溪橋);五福大橋,1092:1.0;1093:1.0;1095:3.75;1680:2.75,1092:9.3;1093:9.1;1095:5.7;1680:6.8,1092:<1.0;1093:<1.0;1095:3.9;1680:1,1092:2.7;1093:5.8;1095:20.7;1680:24,1092:0.21;1093:0.17;1095:1.54;1680:1.48,2.12,RPI,輕度污染,先以各測站DO、BOD5、SS、NH3-N四項參數依環境部RPI公式計算測站RPI，再依同一溪流同月份所有有效測站RPI取平均。,已整理
water,river,中港溪,中港溪流域,2025/03,RPI,環境部環境資料開放平臺：河川水質監測資料 WQX_P_01,https://data.moenv.gov.tw/dataset/detail/WQX_P_01,https://wq.moenv.gov.tw/EWQP/zh/Encyclopedia/NounDefinition/Pedia_37.aspx,3,1094;1095;1680,東興大橋;尖山大橋(取代中港溪橋);五福大橋,1094:2.25;1095:2.25;1680:3.75,1094:9.3;1095:9.2;1680:8.4,1094:2;1095:2.6;1680:3.4,1094:67.8;1095:93.2;1680:671,1094:0.16;1095:0.19;1680:0.29,2.75,RPI,輕度污染,先以各測站DO、BOD5、SS、NH3-N四項參數依環境部RPI公式計算測站RPI，再依同一溪流同月份所有有效測站RPI取平均。,已整理
water,river,中港溪,中港溪流域,2025/04,RPI,環境部環境資料開放平臺：河川水質監測資料 WQX_P_01,https://data.moenv.gov.tw/dataset/detail/WQX_P_01,https://wq.moenv.gov.tw/EWQP/zh/Encyclopedia/NounDefinition/Pedia_37.aspx,6,1092;1093;1094;1095;1662;1680,三灣大橋;平安大橋;東興大橋;尖山大橋(取代中港溪橋);永興橋;五福大橋,1092:1.0;1093:1.0;1094:1.0;1095:1.0;1662:1.0;1680:2.0,1092:10;1093:9.5;1094:10;1095:9.8;1662:9.7;1680:7.6,1092:<1.0;1093:<1.0;1094:1.2;1095:1.4;1662:2.7;1680:1.5,1092:1.8;1093:3.9;1094:3.4;1095:9.2;1662:1.6;1680:23.2,1092:0.02;1093:0.09;1094:0.07;1095:0.14;1662:0.03;1680:0.55,1.17,RPI,未受或稍受污染,先以各測站DO、BOD5、SS、NH3-N四項參數依環境部RPI公式計算測站RPI，再依同一溪流同月份所有有效測站RPI取平均。,已整理
water,river,中港溪,中港溪流域,2025/05,RPI,環境部環境資料開放平臺：河川水質監測資料 WQX_P_01,https://data.moenv.gov.tw/dataset/detail/WQX_P_01,https://wq.moenv.gov.tw/EWQP/zh/Encyclopedia/NounDefinition/Pedia_37.aspx,6,1092;1093;1094;1095;1662;1680,三灣大橋;平安大橋;東興大橋;尖山大橋(取代中港溪橋);永興橋;五福大橋,1092:1.0;1093:1.0;1094:1.0;1095:1.5;1662:1.0;1680:1.5,1092:8.7;1093:8.8;1094:8.8;1095:8.5;1662:9;1680:7.9,1092:<1.0;1093:1.3;1094:1.1;1095:1.3;1662:2.2;1680:1.4,1092:14;1093:18;1094:18.1;1095:26.4;1662:16.3;1680:49.7,1092:0.05;1093:0.07;1094:0.07;1095:0.12;1662:0.05;1680:0.29,1.17,RPI,未受或稍受污染,先以各測站DO、BOD5、SS、NH3-N四項參數依環境部RPI公式計算測站RPI，再依同一溪流同月份所有有效測站RPI取平均。,已整理
water,river,中港溪,中港溪流域,2025/06,RPI,環境部環境資料開放平臺：河川水質監測資料 WQX_P_01,https://data.moenv.gov.tw/dataset/detail/WQX_P_01,https://wq.moenv.gov.tw/EWQP/zh/Encyclopedia/NounDefinition/Pedia_37.aspx,6,1092;1093;1094;1095;1662;1680,三灣大橋;平安大橋;東興大橋;尖山大橋(取代中港溪橋);永興橋;五福大橋,1092:1.0;1093:1.0;1094:1.0;1095:1.0;1662:1.0;1680:2.0,1092:8.7;1093:8.5;1094:8.8;1095:8.5;1662:8.6;1680:6.5,1092:<1.0;1093:<1.0;1094:<1.0;1095:1.6;1662:1.5;1680:2,1092:2.8;1093:5.6;1094:6.4;1095:16.2;1662:9.8;1680:20.7,1092:0.02;1093:0.02;1094:0.03;1095:0.14;1662:0.05;1680:0.67,1.17,RPI,未受或稍受污染,先以各測站DO、BOD5、SS、NH3-N四項參數依環境部RPI公式計算測站RPI，再依同一溪流同月份所有有效測站RPI取平均。,已整理
water,river,中港溪,中港溪流域,2025/07,RPI,環境部環境資料開放平臺：河川水質監測資料 WQX_P_01,https://data.moenv.gov.tw/dataset/detail/WQX_P_01,https://wq.moenv.gov.tw/EWQP/zh/Encyclopedia/NounDefinition/Pedia_37.aspx,6,1092;1093;1094;1095;1662;1680,三灣大橋;平安大橋;東興大橋;尖山大橋(取代中港溪橋);永興橋;五福大橋,1092:1.0;1093:1.0;1094:1.0;1095:1.0;1662:1.0;1680:3.25,1092:9.4;1093:7.8;1094:7.6;1095:6.6;1662:8.6;1680:8.8,1092:<1.0;1093:<1.0;1094:<1.0;1095:<1.0;1662:<1.0;1680:4.8,1092:4.5;1093:5.4;1094:5.2;1095:13.5;1662:5.4;1680:44.2,1092:0.04;1093:0.06;1094:0.07;1095:0.25;1662:0.04;1680:1.21,1.38,RPI,未受或稍受污染,先以各測站DO、BOD5、SS、NH3-N四項參數依環境部RPI公式計算測站RPI，再依同一溪流同月份所有有效測站RPI取平均。,已整理
water,river,中港溪,中港溪流域,2025/08,RPI,環境部環境資料開放平臺：河川水質監測資料 WQX_P_01,https://data.moenv.gov.tw/dataset/detail/WQX_P_01,https://wq.moenv.gov.tw/EWQP/zh/Encyclopedia/NounDefinition/Pedia_37.aspx,5,1092;1093;1094;1662;1680,三灣大橋;平安大橋;東興大橋;永興橋;五福大橋,1092:1.0;1093:1.0;1094:1.0;1662:1.0;1680:1.5,1092:8.4;1093:8.1;1094:8.4;1662:8.3;1680:7.6,1092:<1.0;1093:<1.0;1094:<1.0;1662:<1.0;1680:1.2,1092:3.4;1093:5.7;1094:8.3;1662:4;1680:24.8,1092:0.03;1093:0.04;1094:0.06;1662:0.03;1680:0.4,1.1,RPI,未受或稍受污染,先以各測站DO、BOD5、SS、NH3-N四項參數依環境部RPI公式計算測站RPI，再依同一溪流同月份所有有效測站RPI取平均。,已整理
water,river,中港溪,中港溪流域,2025/09,RPI,環境部環境資料開放平臺：河川水質監測資料 WQX_P_01,https://data.moenv.gov.tw/dataset/detail/WQX_P_01,https://wq.moenv.gov.tw/EWQP/zh/Encyclopedia/NounDefinition/Pedia_37.aspx,6,1092;1093;1094;1095;1662;1680,三灣大橋;平安大橋;東興大橋;尖山大橋(取代中港溪橋);永興橋;五福大橋,1092:1.0;1093:1.0;1094:1.0;1095:1.5;1662:1.0;1680:2.5,1092:9.3;1093:8.2;1094:8.5;1095:6.9;1662:8.8;1680:5.1,1092:<1.0;1093:<1.0;1094:<1.0;1095:<1.0;1662:<1.0;1680:<1.0,1092:3;1093:10.2;1094:9.4;1095:33;1662:1.9;1680:27,1092:0.02;1093:0.01;1094:0.04;1095:0.17;1662:0.03;1680:0.78,1.33,RPI,未受或稍受污染,先以各測站DO、BOD5、SS、NH3-N四項參數依環境部RPI公式計算測站RPI，再依同一溪流同月份所有有效測站RPI取平均。,已整理
water,river,中港溪,中港溪流域,2025/10,RPI,環境部環境資料開放平臺：河川水質監測資料 WQX_P_01,https://data.moenv.gov.tw/dataset/detail/WQX_P_01,https://wq.moenv.gov.tw/EWQP/zh/Encyclopedia/NounDefinition/Pedia_37.aspx,5,1092;1093;1094;1095;1680,三灣大橋;平安大橋;東興大橋;尖山大橋(取代中港溪橋);五福大橋,1092:1.0;1093:1.0;1094:1.0;1095:2.75;1680:3.25,1092:9.1;1093:8;1094:7.5;1095:6.9;1680:5.9,1092:<1.0;1093:<1.0;1094:<1.0;1095:1.2;1680:1.2,1092:2.2;1093:3.4;1094:2.4;1095:27.3;1680:21.8,1092:0.04;1093:0.04;1094:0.1;1095:1.31;1680:2.55,1.8,RPI,未受或稍受污染,先以各測站DO、BOD5、SS、NH3-N四項參數依環境部RPI公式計算測站RPI，再依同一溪流同月份所有有效測站RPI取平均。,已整理
water,river,中港溪,中港溪流域,2025/11,RPI,環境部環境資料開放平臺：河川水質監測資料 WQX_P_01,https://data.moenv.gov.tw/dataset/detail/WQX_P_01,https://wq.moenv.gov.tw/EWQP/zh/Encyclopedia/NounDefinition/Pedia_37.aspx,5,1092;1093;1094;1095;1680,三灣大橋;平安大橋;東興大橋;尖山大橋(取代中港溪橋);五福大橋,1092:1.0;1093:1.0;1094:1.0;1095:3.25;1680:3.25,1092:10.9;1093:8.5;1094:8.6;1095:5.1;1680:6,1092:<1.0;1093:<1.0;1094:<1.0;1095:<1.0;1680:<1.0,1092:3.4;1093:5.6;1094:6.8;1095:25.6;1680:33.2,1092:0.04;1093:0.05;1094:0.06;1095:1.08;1680:1.02,1.9,RPI,未受或稍受污染,先以各測站DO、BOD5、SS、NH3-N四項參數依環境部RPI公式計算測站RPI，再依同一溪流同月份所有有效測站RPI取平均。,已整理
water,river,中港溪,中港溪流域,2025/12,RPI,環境部環境資料開放平臺：河川水質監測資料 WQX_P_01,https://data.moenv.gov.tw/dataset/detail/WQX_P_01,https://wq.moenv.gov.tw/EWQP/zh/Encyclopedia/NounDefinition/Pedia_37.aspx,5,1092;1093;1094;1095;1680,三灣大橋;平安大橋;東興大橋;尖山大橋(取代中港溪橋);五福大橋,1092:1.0;1093:1.0;1094:1.0;1095:2.75;1680:2.75,1092:9.4;1093:10.4;1094:8.8;1095:5;1680:5.2,1092:<1.0;1093:<1.0;1094:<1.0;1095:1.4;1680:<1.0,1092:2.2;1093:4.8;1094:3.6;1095:13.1;1680:15.2,1092:0.04;1093:0.04;1094:0.1;1095:1.97;1680:1.6,1.7,RPI,未受或稍受污染,先以各測站DO、BOD5、SS、NH3-N四項參數依環境部RPI公式計算測站RPI，再依同一溪流同月份所有有效測站RPI取平均。,已整理
water,river,南港溪(苗),中港溪流域,2025/01,RPI,環境部環境資料開放平臺：河川水質監測資料 WQX_P_01,https://data.moenv.gov.tw/dataset/detail/WQX_P_01,https://wq.moenv.gov.tw/EWQP/zh/Encyclopedia/NounDefinition/Pedia_37.aspx,1,1096,南港溪橋,1096:4.5,1096:4.8,1096:5.4,1096:21.6,1096:1.63,4.5,RPI,中度污染,先以各測站DO、BOD5、SS、NH3-N四項參數依環境部RPI公式計算測站RPI，再依同一溪流同月份所有有效測站RPI取平均。,已整理
water,river,南港溪(苗),中港溪流域,2025/02,RPI,環境部環境資料開放平臺：河川水質監測資料 WQX_P_01,https://data.moenv.gov.tw/dataset/detail/WQX_P_01,https://wq.moenv.gov.tw/EWQP/zh/Encyclopedia/NounDefinition/Pedia_37.aspx,1,1096,南港溪橋,1096:5.0,1096:3.9,1096:2.7,1096:40.9,1096:3.54,5.0,RPI,中度污染,先以各測站DO、BOD5、SS、NH3-N四項參數依環境部RPI公式計算測站RPI，再依同一溪流同月份所有有效測站RPI取平均。,已整理
water,river,南港溪(苗),中港溪流域,2025/03,RPI,環境部環境資料開放平臺：河川水質監測資料 WQX_P_01,https://data.moenv.gov.tw/dataset/detail/WQX_P_01,https://wq.moenv.gov.tw/EWQP/zh/Encyclopedia/NounDefinition/Pedia_37.aspx,1,1096,南港溪橋,1096:3.25,1096:8.1,1096:2.8,1096:401,1096:0.3,3.25,RPI,中度污染,先以各測站DO、BOD5、SS、NH3-N四項參數依環境部RPI公式計算測站RPI，再依同一溪流同月份所有有效測站RPI取平均。,已整理
water,river,南港溪(苗),中港溪流域,2025/04,RPI,環境部環境資料開放平臺：河川水質監測資料 WQX_P_01,https://data.moenv.gov.tw/dataset/detail/WQX_P_01,https://wq.moenv.gov.tw/EWQP/zh/Encyclopedia/NounDefinition/Pedia_37.aspx,1,1096,南港溪橋,1096:2.0,1096:7.1,1096:2.1,1096:35.3,1096:0.64,2.0,RPI,未受或稍受污染,先以各測站DO、BOD5、SS、NH3-N四項參數依環境部RPI公式計算測站RPI，再依同一溪流同月份所有有效測站RPI取平均。,已整理
water,river,南港溪(苗),中港溪流域,2025/05,RPI,環境部環境資料開放平臺：河川水質監測資料 WQX_P_01,https://data.moenv.gov.tw/dataset/detail/WQX_P_01,https://wq.moenv.gov.tw/EWQP/zh/Encyclopedia/NounDefinition/Pedia_37.aspx,1,1096,南港溪橋,1096:1.5,1096:7.4,1096:1.4,1096:38.4,1096:0.21,1.5,RPI,未受或稍受污染,先以各測站DO、BOD5、SS、NH3-N四項參數依環境部RPI公式計算測站RPI，再依同一溪流同月份所有有效測站RPI取平均。,已整理
water,river,南港溪(苗),中港溪流域,2025/06,RPI,環境部環境資料開放平臺：河川水質監測資料 WQX_P_01,https://data.moenv.gov.tw/dataset/detail/WQX_P_01,https://wq.moenv.gov.tw/EWQP/zh/Encyclopedia/NounDefinition/Pedia_37.aspx,1,1096,南港溪橋,1096:1.5,1096:6.5,1096:1.4,1096:25.2,1096:0.36,1.5,RPI,未受或稍受污染,先以各測站DO、BOD5、SS、NH3-N四項參數依環境部RPI公式計算測站RPI，再依同一溪流同月份所有有效測站RPI取平均。,已整理
water,river,南港溪(苗),中港溪流域,2025/07,RPI,環境部環境資料開放平臺：河川水質監測資料 WQX_P_01,https://data.moenv.gov.tw/dataset/detail/WQX_P_01,https://wq.moenv.gov.tw/EWQP/zh/Encyclopedia/NounDefinition/Pedia_37.aspx,1,1096,南港溪橋,1096:4.0,1096:7.5,1096:6.5,1096:55,1096:0.55,4.0,RPI,中度污染,先以各測站DO、BOD5、SS、NH3-N四項參數依環境部RPI公式計算測站RPI，再依同一溪流同月份所有有效測站RPI取平均。,已整理
water,river,南港溪(苗),中港溪流域,2025/08,RPI,環境部環境資料開放平臺：河川水質監測資料 WQX_P_01,https://data.moenv.gov.tw/dataset/detail/WQX_P_01,https://wq.moenv.gov.tw/EWQP/zh/Encyclopedia/NounDefinition/Pedia_37.aspx,1,1096,南港溪橋,1096:1.0,1096:6.9,1096:<1.0,1096:16.6,1096:0.35,1.0,RPI,未受或稍受污染,先以各測站DO、BOD5、SS、NH3-N四項參數依環境部RPI公式計算測站RPI，再依同一溪流同月份所有有效測站RPI取平均。,已整理
water,river,南港溪(苗),中港溪流域,2025/09,RPI,環境部環境資料開放平臺：河川水質監測資料 WQX_P_01,https://data.moenv.gov.tw/dataset/detail/WQX_P_01,https://wq.moenv.gov.tw/EWQP/zh/Encyclopedia/NounDefinition/Pedia_37.aspx,1,1096,南港溪橋,1096:2.5,1096:4.8,1096:1.6,1096:44.6,1096:0.57,2.5,RPI,輕度污染,先以各測站DO、BOD5、SS、NH3-N四項參數依環境部RPI公式計算測站RPI，再依同一溪流同月份所有有效測站RPI取平均。,已整理
water,river,南港溪(苗),中港溪流域,2025/10,RPI,環境部環境資料開放平臺：河川水質監測資料 WQX_P_01,https://data.moenv.gov.tw/dataset/detail/WQX_P_01,https://wq.moenv.gov.tw/EWQP/zh/Encyclopedia/NounDefinition/Pedia_37.aspx,1,1096,南港溪橋,1096:4.25,1096:6.1,1096:3,1096:36.2,1096:16.8,4.25,RPI,中度污染,先以各測站DO、BOD5、SS、NH3-N四項參數依環境部RPI公式計算測站RPI，再依同一溪流同月份所有有效測站RPI取平均。,已整理
water,river,南港溪(苗),中港溪流域,2025/11,RPI,環境部環境資料開放平臺：河川水質監測資料 WQX_P_01,https://data.moenv.gov.tw/dataset/detail/WQX_P_01,https://wq.moenv.gov.tw/EWQP/zh/Encyclopedia/NounDefinition/Pedia_37.aspx,1,1096,南港溪橋,1096:3.25,1096:5.3,1096:1.8,1096:45.1,1096:1.58,3.25,RPI,中度污染,先以各測站DO、BOD5、SS、NH3-N四項參數依環境部RPI公式計算測站RPI，再依同一溪流同月份所有有效測站RPI取平均。,已整理
water,river,南港溪(苗),中港溪流域,2025/12,RPI,環境部環境資料開放平臺：河川水質監測資料 WQX_P_01,https://data.moenv.gov.tw/dataset/detail/WQX_P_01,https://wq.moenv.gov.tw/EWQP/zh/Encyclopedia/NounDefinition/Pedia_37.aspx,1,1096,南港溪橋,1096:4.0,1096:4,1096:1,1096:41.9,1096:1.93,4.0,RPI,中度污染,先以各測站DO、BOD5、SS、NH3-N四項參數依環境部RPI公式計算測站RPI，再依同一溪流同月份所有有效測站RPI取平均。,已整理
water,river,大安溪,大安溪流域,2025/01,RPI,環境部環境資料開放平臺：河川水質監測資料 WQX_P_01,https://data.moenv.gov.tw/dataset/detail/WQX_P_01,https://wq.moenv.gov.tw/EWQP/zh/Encyclopedia/NounDefinition/Pedia_37.aspx,2,1105;1682,卓蘭大橋(原為蘭勢橋);象鼻大橋,1105:1.0;1682:1.5,1105:9.5;1682:9.3,1105:1.6;1682:1.1,1105:1.4;1682:28.9,1105:0.03;1682:0.04,1.25,RPI,未受或稍受污染,先以各測站DO、BOD5、SS、NH3-N四項參數依環境部RPI公式計算測站RPI，再依同一溪流同月份所有有效測站RPI取平均。,已整理
water,river,大安溪,大安溪流域,2025/02,RPI,環境部環境資料開放平臺：河川水質監測資料 WQX_P_01,https://data.moenv.gov.tw/dataset/detail/WQX_P_01,https://wq.moenv.gov.tw/EWQP/zh/Encyclopedia/NounDefinition/Pedia_37.aspx,3,1105;1106;1682,卓蘭大橋(原為蘭勢橋);義里大橋;象鼻大橋,1105:1.0;1106:1.0;1682:2.25,1105:9.5;1106:9.1;1682:9.8,1105:<1.0;1106:<1.0;1682:8.7,1105:2.2;1106:7.6;1682:2.6,1105:0.04;1106:0.05;1682:0.09,1.42,RPI,未受或稍受污染,先以各測站DO、BOD5、SS、NH3-N四項參數依環境部RPI公式計算測站RPI，再依同一溪流同月份所有有效測站RPI取平均。,已整理
water,river,大安溪,大安溪流域,2025/03,RPI,環境部環境資料開放平臺：河川水質監測資料 WQX_P_01,https://data.moenv.gov.tw/dataset/detail/WQX_P_01,https://wq.moenv.gov.tw/EWQP/zh/Encyclopedia/NounDefinition/Pedia_37.aspx,3,1104;1105;1682,白布帆大橋;卓蘭大橋(原為蘭勢橋);象鼻大橋,1104:1.0;1105:1.0;1682:1.0,1104:8.9;1105:9;1682:9.8,1104:1.2;1105:<1.0;1682:<1.0,1104:1.9;1105:2.1;1682:1.9,1104:0.09;1105:0.08;1682:0.09,1.0,RPI,未受或稍受污染,先以各測站DO、BOD5、SS、NH3-N四項參數依環境部RPI公式計算測站RPI，再依同一溪流同月份所有有效測站RPI取平均。,已整理
water,river,大安溪,大安溪流域,2025/04,RPI,環境部環境資料開放平臺：河川水質監測資料 WQX_P_01,https://data.moenv.gov.tw/dataset/detail/WQX_P_01,https://wq.moenv.gov.tw/EWQP/zh/Encyclopedia/NounDefinition/Pedia_37.aspx,4,1104;1105;1106;1682,白布帆大橋;卓蘭大橋(原為蘭勢橋);義里大橋;象鼻大橋,1104:1.0;1105:1.0;1106:3.25;1682:1.0,1104:8.9;1105:9.1;1106:8.1;1682:9,1104:<1.0;1105:<1.0;1106:<1.0;1682:<1.0,1104:5.8;1105:2.6;1106:133;1682:10,1104:0.07;1105:0.08;1106:0.08;1682:0.08,1.56,RPI,未受或稍受污染,先以各測站DO、BOD5、SS、NH3-N四項參數依環境部RPI公式計算測站RPI，再依同一溪流同月份所有有效測站RPI取平均。,已整理
water,river,大安溪,大安溪流域,2025/05,RPI,環境部環境資料開放平臺：河川水質監測資料 WQX_P_01,https://data.moenv.gov.tw/dataset/detail/WQX_P_01,https://wq.moenv.gov.tw/EWQP/zh/Encyclopedia/NounDefinition/Pedia_37.aspx,4,1104;1105;1106;1682,白布帆大橋;卓蘭大橋(原為蘭勢橋);義里大橋;象鼻大橋,1104:1.0;1105:1.0;1106:1.0;1682:1.0,1104:8.5;1105:8.5;1106:8.6;1682:8.9,1104:<1.0;1105:<1.0;1106:<1.0;1682:<1.0,1104:3.6;1105:2.4;1106:10.6;1682:2.6,1104:0.05;1105:0.03;1106:0.05;1682:0.02,1.0,RPI,未受或稍受污染,先以各測站DO、BOD5、SS、NH3-N四項參數依環境部RPI公式計算測站RPI，再依同一溪流同月份所有有效測站RPI取平均。,已整理
water,river,大安溪,大安溪流域,2025/06,RPI,環境部環境資料開放平臺：河川水質監測資料 WQX_P_01,https://data.moenv.gov.tw/dataset/detail/WQX_P_01,https://wq.moenv.gov.tw/EWQP/zh/Encyclopedia/NounDefinition/Pedia_37.aspx,4,1104;1105;1106;1682,白布帆大橋;卓蘭大橋(原為蘭勢橋);義里大橋;象鼻大橋,1104:3.25;1105:3.25;1106:3.25;1682:3.25,1104:9;1105:8.6;1106:8.2;1682:8.8,1104:1.1;1105:<1.0;1106:1.2;1682:<1.0,1104:349;1105:261;1106:662;1682:554,1104:0.06;1105:0.05;1106:0.1;1682:0.09,3.25,RPI,中度污染,先以各測站DO、BOD5、SS、NH3-N四項參數依環境部RPI公式計算測站RPI，再依同一溪流同月份所有有效測站RPI取平均。,已整理
water,river,大安溪,大安溪流域,2025/07,RPI,環境部環境資料開放平臺：河川水質監測資料 WQX_P_01,https://data.moenv.gov.tw/dataset/detail/WQX_P_01,https://wq.moenv.gov.tw/EWQP/zh/Encyclopedia/NounDefinition/Pedia_37.aspx,4,1104;1105;1106;1682,白布帆大橋;卓蘭大橋(原為蘭勢橋);義里大橋;象鼻大橋,1104:1.0;1105:1.0;1106:1.0;1682:1.0,1104:8.2;1105:7.7;1106:7.6;1682:8.4,1104:<1.0;1105:<1.0;1106:<1.0;1682:<1.0,1104:1.6;1105:4.5;1106:12.1;1682:7.6,1104:0.05;1105:0.05;1106:0.04;1682:0.05,1.0,RPI,未受或稍受污染,先以各測站DO、BOD5、SS、NH3-N四項參數依環境部RPI公式計算測站RPI，再依同一溪流同月份所有有效測站RPI取平均。,已整理
water,river,大安溪,大安溪流域,2025/08,RPI,環境部環境資料開放平臺：河川水質監測資料 WQX_P_01,https://data.moenv.gov.tw/dataset/detail/WQX_P_01,https://wq.moenv.gov.tw/EWQP/zh/Encyclopedia/NounDefinition/Pedia_37.aspx,4,1104;1105;1106;1682,白布帆大橋;卓蘭大橋(原為蘭勢橋);義里大橋;象鼻大橋,1104:2.25;1105:1.0;1106:1.0;1682:1.0,1104:7.9;1105:7.7;1106:8;1682:8.2,1104:10.3;1105:<1.0;1106:<1.0;1682:<1.0,1104:1.6;1105:7.7;1106:14.6;1682:2.8,1104:0.03;1105:0.03;1106:0.03;1682:0.03,1.31,RPI,未受或稍受污染,先以各測站DO、BOD5、SS、NH3-N四項參數依環境部RPI公式計算測站RPI，再依同一溪流同月份所有有效測站RPI取平均。,已整理
water,river,大安溪,大安溪流域,2025/09,RPI,環境部環境資料開放平臺：河川水質監測資料 WQX_P_01,https://data.moenv.gov.tw/dataset/detail/WQX_P_01,https://wq.moenv.gov.tw/EWQP/zh/Encyclopedia/NounDefinition/Pedia_37.aspx,4,1104;1105;1106;1682,白布帆大橋;卓蘭大橋(原為蘭勢橋);義里大橋;象鼻大橋,1104:1.0;1105:1.0;1106:1.0;1682:1.5,1104:8.1;1105:8.4;1106:8.1;1682:8.4,1104:<1.0;1105:<1.0;1106:<1.0;1682:<1.0,1104:13.7;1105:6.8;1106:3.8;1682:21,1104:0.02;1105:0.02;1106:0.02;1682:0.02,1.12,RPI,未受或稍受污染,先以各測站DO、BOD5、SS、NH3-N四項參數依環境部RPI公式計算測站RPI，再依同一溪流同月份所有有效測站RPI取平均。,已整理
water,river,大安溪,大安溪流域,2025/10,RPI,環境部環境資料開放平臺：河川水質監測資料 WQX_P_01,https://data.moenv.gov.tw/dataset/detail/WQX_P_01,https://wq.moenv.gov.tw/EWQP/zh/Encyclopedia/NounDefinition/Pedia_37.aspx,3,1104;1105;1682,白布帆大橋;卓蘭大橋(原為蘭勢橋);象鼻大橋,1104:1.0;1105:1.0;1682:1.0,1104:8.2;1105:8.5;1682:8.5,1104:1;1105:<1.0;1682:<1.0,1104:2.7;1105:4.3;1682:3.4,1104:0.03;1105:0.04;1682:0.03,1.0,RPI,未受或稍受污染,先以各測站DO、BOD5、SS、NH3-N四項參數依環境部RPI公式計算測站RPI，再依同一溪流同月份所有有效測站RPI取平均。,已整理
water,river,大安溪,大安溪流域,2025/11,RPI,環境部環境資料開放平臺：河川水質監測資料 WQX_P_01,https://data.moenv.gov.tw/dataset/detail/WQX_P_01,https://wq.moenv.gov.tw/EWQP/zh/Encyclopedia/NounDefinition/Pedia_37.aspx,4,1104;1105;1106;1682,白布帆大橋;卓蘭大橋(原為蘭勢橋);義里大橋;象鼻大橋,1104:1.0;1105:1.0;1106:1.0;1682:1.0,1104:8.4;1105:8.9;1106:8.1;1682:8.5,1104:<1.0;1105:<1.0;1106:<1.0;1682:<1.0,1104:2;1105:3.2;1106:4.2;1682:2,1104:0.03;1105:0.03;1106:0.03;1682:0.04,1.0,RPI,未受或稍受污染,先以各測站DO、BOD5、SS、NH3-N四項參數依環境部RPI公式計算測站RPI，再依同一溪流同月份所有有效測站RPI取平均。,已整理
water,river,大安溪,大安溪流域,2025/12,RPI,環境部環境資料開放平臺：河川水質監測資料 WQX_P_01,https://data.moenv.gov.tw/dataset/detail/WQX_P_01,https://wq.moenv.gov.tw/EWQP/zh/Encyclopedia/NounDefinition/Pedia_37.aspx,3,1104;1105;1682,白布帆大橋;卓蘭大橋(原為蘭勢橋);象鼻大橋,1104:1.0;1105:1.0;1682:1.0,1104:8.8;1105:9.5;1682:9,1104:<1.0;1105:<1.0;1682:<1.0,1104:1.4;1105:2;1682:1.6,1104:0.02;1105:0.01;1682:0.28,1.0,RPI,未受或稍受污染,先以各測站DO、BOD5、SS、NH3-N四項參數依環境部RPI公式計算測站RPI，再依同一溪流同月份所有有效測站RPI取平均。,已整理
water,river,後龍溪,後龍溪流域,2025/01,RPI,環境部環境資料開放平臺：河川水質監測資料 WQX_P_01,https://data.moenv.gov.tw/dataset/detail/WQX_P_01,https://wq.moenv.gov.tw/EWQP/zh/Encyclopedia/NounDefinition/Pedia_37.aspx,3,1099;1100;1681,北勢大橋;後龍溪橋;後龍觀海大橋,1099:1.5;1100:2.0;1681:1.5,1099:8.4;1100:5.8;1681:7.4,1099:3.9;1100:2.9;1681:1.3,1099:4.9;1100:6.2;1681:36.4,1099:0.08;1100:0.74;1681:0.33,1.67,RPI,未受或稍受污染,先以各測站DO、BOD5、SS、NH3-N四項參數依環境部RPI公式計算測站RPI，再依同一溪流同月份所有有效測站RPI取平均。,已整理
water,river,後龍溪,後龍溪流域,2025/02,RPI,環境部環境資料開放平臺：河川水質監測資料 WQX_P_01,https://data.moenv.gov.tw/dataset/detail/WQX_P_01,https://wq.moenv.gov.tw/EWQP/zh/Encyclopedia/NounDefinition/Pedia_37.aspx,3,1099;1100;1681,北勢大橋;後龍溪橋;後龍觀海大橋,1099:1.0;1100:1.5;1681:2.0,1099:10.6;1100:8.3;1681:8.3,1099:1.3;1100:2.2;1681:2.3,1099:5.4;1100:15.2;1681:21,1099:0.09;1100:0.71;1681:0.61,1.5,RPI,未受或稍受污染,先以各測站DO、BOD5、SS、NH3-N四項參數依環境部RPI公式計算測站RPI，再依同一溪流同月份所有有效測站RPI取平均。,已整理
water,river,後龍溪,後龍溪流域,2025/03,RPI,環境部環境資料開放平臺：河川水質監測資料 WQX_P_01,https://data.moenv.gov.tw/dataset/detail/WQX_P_01,https://wq.moenv.gov.tw/EWQP/zh/Encyclopedia/NounDefinition/Pedia_37.aspx,3,1099;1100;1681,北勢大橋;後龍溪橋;後龍觀海大橋,1099:2.25;1100:4.75;1681:3.0,1099:7.9;1100:3.6;1681:5.4,1099:8.2;1100:7.2;1681:3.7,1099:7;1100:14.3;1681:23.4,1099:0.14;1100:2.4;1681:0.67,3.33,RPI,中度污染,先以各測站DO、BOD5、SS、NH3-N四項參數依環境部RPI公式計算測站RPI，再依同一溪流同月份所有有效測站RPI取平均。,已整理
water,river,後龍溪,後龍溪流域,2025/04,RPI,環境部環境資料開放平臺：河川水質監測資料 WQX_P_01,https://data.moenv.gov.tw/dataset/detail/WQX_P_01,https://wq.moenv.gov.tw/EWQP/zh/Encyclopedia/NounDefinition/Pedia_37.aspx,4,1097;1099;1100;1681,龜山橋;北勢大橋;後龍溪橋;後龍觀海大橋,1097:1.0;1099:1.0;1100:2.25;1681:1.0,1097:10.1;1099:8.3;1100:3.8;1681:6.5,1097:<1.0;1099:1.4;1100:1.3;1681:1.2,1097:4.2;1099:7.8;1100:10.4;1681:17.4,1097:0.1;1099:0.16;1100:0.48;1681:0.43,1.31,RPI,未受或稍受污染,先以各測站DO、BOD5、SS、NH3-N四項參數依環境部RPI公式計算測站RPI，再依同一溪流同月份所有有效測站RPI取平均。,已整理
water,river,後龍溪,後龍溪流域,2025/05,RPI,環境部環境資料開放平臺：河川水質監測資料 WQX_P_01,https://data.moenv.gov.tw/dataset/detail/WQX_P_01,https://wq.moenv.gov.tw/EWQP/zh/Encyclopedia/NounDefinition/Pedia_37.aspx,4,1097;1099;1100;1681,龜山橋;北勢大橋;後龍溪橋;後龍觀海大橋,1097:1.0;1099:1.0;1100:4.25;1681:2.0,1097:10;1099:8.9;1100:5.2;1681:6,1097:<1.0;1099:1.3;1100:22.2;1681:1.2,1097:2.8;1099:8.3;1100:7.5;1681:17.2,1097:0.14;1099:0.19;1100:0.58;1681:0.52,2.06,RPI,輕度污染,先以各測站DO、BOD5、SS、NH3-N四項參數依環境部RPI公式計算測站RPI，再依同一溪流同月份所有有效測站RPI取平均。,已整理
water,river,後龍溪,後龍溪流域,2025/06,RPI,環境部環境資料開放平臺：河川水質監測資料 WQX_P_01,https://data.moenv.gov.tw/dataset/detail/WQX_P_01,https://wq.moenv.gov.tw/EWQP/zh/Encyclopedia/NounDefinition/Pedia_37.aspx,5,1097;1098;1099;1100;1681,龜山橋;玉清大橋（取代頭屋大橋）;北勢大橋;後龍溪橋;後龍觀海大橋,1097:1.0;1098:1.0;1099:1.0;1100:1.5;1681:3.25,1097:8.6;1098:8.7;1099:8.7;1100:8.2;1681:7.1,1097:<1.0;1098:<1.0;1099:<1.0;1100:<1.0;1681:1.9,1097:5.4;1098:5.3;1099:6.4;1100:20.2;1681:119,1097:0.03;1098:0.02;1099:0.05;1100:0.13;1681:0.2,1.55,RPI,未受或稍受污染,先以各測站DO、BOD5、SS、NH3-N四項參數依環境部RPI公式計算測站RPI，再依同一溪流同月份所有有效測站RPI取平均。,已整理
water,river,後龍溪,後龍溪流域,2025/07,RPI,環境部環境資料開放平臺：河川水質監測資料 WQX_P_01,https://data.moenv.gov.tw/dataset/detail/WQX_P_01,https://wq.moenv.gov.tw/EWQP/zh/Encyclopedia/NounDefinition/Pedia_37.aspx,5,1097;1098;1099;1100;1681,龜山橋;玉清大橋（取代頭屋大橋）;北勢大橋;後龍溪橋;後龍觀海大橋,1097:1.0;1098:1.0;1099:1.0;1100:1.0;1681:1.5,1097:8.1;1098:8.1;1099:7.3;1100:6.5;1681:6.6,1097:1.5;1098:<1.0;1099:<1.0;1100:<1.0;1681:<1.0,1097:7;1098:5.8;1099:8.2;1100:5.6;1681:33.5,1097:0.09;1098:0.09;1099:0.12;1100:0.3;1681:0.4,1.1,RPI,未受或稍受污染,先以各測站DO、BOD5、SS、NH3-N四項參數依環境部RPI公式計算測站RPI，再依同一溪流同月份所有有效測站RPI取平均。,已整理
water,river,後龍溪,後龍溪流域,2025/08,RPI,環境部環境資料開放平臺：河川水質監測資料 WQX_P_01,https://data.moenv.gov.tw/dataset/detail/WQX_P_01,https://wq.moenv.gov.tw/EWQP/zh/Encyclopedia/NounDefinition/Pedia_37.aspx,4,1097;1098;1099;1100,龜山橋;玉清大橋（取代頭屋大橋）;北勢大橋;後龍溪橋,1097:1.0;1098:1.0;1099:1.0;1100:1.0,1097:8.5;1098:8.7;1099:8.5;1100:8.6,1097:<1.0;1098:<1.0;1099:<1.0;1100:<1.0,1097:4.1;1098:4.6;1099:6.7;1100:9.2,1097:0.07;1098:0.06;1099:0.06;1100:0.12,1.0,RPI,未受或稍受污染,先以各測站DO、BOD5、SS、NH3-N四項參數依環境部RPI公式計算測站RPI，再依同一溪流同月份所有有效測站RPI取平均。,已整理
water,river,後龍溪,後龍溪流域,2025/09,RPI,環境部環境資料開放平臺：河川水質監測資料 WQX_P_01,https://data.moenv.gov.tw/dataset/detail/WQX_P_01,https://wq.moenv.gov.tw/EWQP/zh/Encyclopedia/NounDefinition/Pedia_37.aspx,4,1097;1098;1099;1100,龜山橋;玉清大橋（取代頭屋大橋）;北勢大橋;後龍溪橋,1097:1.0;1098:1.0;1099:1.0;1100:1.0,1097:9.5;1098:9.6;1099:8.9;1100:8.3,1097:<1.0;1098:1.4;1099:<1.0;1100:1.4,1097:2.3;1098:2.9;1099:5.3;1100:8.4,1097:0.07;1098:0.03;1099:0.04;1100:0.24,1.0,RPI,未受或稍受污染,先以各測站DO、BOD5、SS、NH3-N四項參數依環境部RPI公式計算測站RPI，再依同一溪流同月份所有有效測站RPI取平均。,已整理
water,river,後龍溪,後龍溪流域,2025/10,RPI,環境部環境資料開放平臺：河川水質監測資料 WQX_P_01,https://data.moenv.gov.tw/dataset/detail/WQX_P_01,https://wq.moenv.gov.tw/EWQP/zh/Encyclopedia/NounDefinition/Pedia_37.aspx,3,1098;1099;1100,玉清大橋（取代頭屋大橋）;北勢大橋;後龍溪橋,1098:3.25;1099:1.0;1100:2.75,1098:10.6;1099:9;1100:4.9,1098:28.6;1099:1.3;1100:2.9,1098:4.7;1099:6.2;1100:9.9,1098:0.04;1099:0.04;1100:1.95,2.33,RPI,輕度污染,先以各測站DO、BOD5、SS、NH3-N四項參數依環境部RPI公式計算測站RPI，再依同一溪流同月份所有有效測站RPI取平均。,已整理
water,river,後龍溪,後龍溪流域,2025/11,RPI,環境部環境資料開放平臺：河川水質監測資料 WQX_P_01,https://data.moenv.gov.tw/dataset/detail/WQX_P_01,https://wq.moenv.gov.tw/EWQP/zh/Encyclopedia/NounDefinition/Pedia_37.aspx,3,1098;1099;1100,玉清大橋（取代頭屋大橋）;北勢大橋;後龍溪橋,1098:1.0;1099:1.0;1100:2.5,1098:8.1;1099:7.7;1100:6.3,1098:<1.0;1099:1.2;1100:3.2,1098:9.9;1099:8.5;1100:10.9,1098:0.09;1099:0.47;1100:0.63,1.5,RPI,未受或稍受污染,先以各測站DO、BOD5、SS、NH3-N四項參數依環境部RPI公式計算測站RPI，再依同一溪流同月份所有有效測站RPI取平均。,已整理
water,river,後龍溪,後龍溪流域,2025/12,RPI,環境部環境資料開放平臺：河川水質監測資料 WQX_P_01,https://data.moenv.gov.tw/dataset/detail/WQX_P_01,https://wq.moenv.gov.tw/EWQP/zh/Encyclopedia/NounDefinition/Pedia_37.aspx,3,1098;1099;1100,玉清大橋（取代頭屋大橋）;北勢大橋;後龍溪橋,1098:1.0;1099:1.0;1100:1.0,1098:10.1;1099:8.9;1100:6.8,1098:<1.0;1099:<1.0;1100:2.8,1098:3;1099:7;1100:12,1098:0.03;1099:0.07;1100:0.45,1.0,RPI,未受或稍受污染,先以各測站DO、BOD5、SS、NH3-N四項參數依環境部RPI公式計算測站RPI，再依同一溪流同月份所有有效測站RPI取平均。,已整理
water,river,老庄溪,大安溪流域,2025/01,RPI,環境部環境資料開放平臺：河川水質監測資料 WQX_P_01,https://data.moenv.gov.tw/dataset/detail/WQX_P_01,https://wq.moenv.gov.tw/EWQP/zh/Encyclopedia/NounDefinition/Pedia_37.aspx,2,1343;1344,協成橋;文峰橋,1343:1.0;1344:1.0,1343:9.8;1344:10.2,1343:2;1344:2.1,1343:2.8;1344:4,1343:0.08;1344:0.05,1.0,RPI,未受或稍受污染,先以各測站DO、BOD5、SS、NH3-N四項參數依環境部RPI公式計算測站RPI，再依同一溪流同月份所有有效測站RPI取平均。,已整理
water,river,老庄溪,大安溪流域,2025/03,RPI,環境部環境資料開放平臺：河川水質監測資料 WQX_P_01,https://data.moenv.gov.tw/dataset/detail/WQX_P_01,https://wq.moenv.gov.tw/EWQP/zh/Encyclopedia/NounDefinition/Pedia_37.aspx,1,1343,協成橋,1343:1.0,1343:10.3,1343:3,1343:3,1343:0.1,1.0,RPI,未受或稍受污染,先以各測站DO、BOD5、SS、NH3-N四項參數依環境部RPI公式計算測站RPI，再依同一溪流同月份所有有效測站RPI取平均。,已整理
water,river,老庄溪,大安溪流域,2025/06,RPI,環境部環境資料開放平臺：河川水質監測資料 WQX_P_01,https://data.moenv.gov.tw/dataset/detail/WQX_P_01,https://wq.moenv.gov.tw/EWQP/zh/Encyclopedia/NounDefinition/Pedia_37.aspx,2,1343;1344,協成橋;文峰橋,1343:2.75;1344:1.5,1343:8.5;1344:8.1,1343:8.4;1344:2,1343:23;1344:30.4,1343:0.06;1344:0.12,2.12,RPI,輕度污染,先以各測站DO、BOD5、SS、NH3-N四項參數依環境部RPI公式計算測站RPI，再依同一溪流同月份所有有效測站RPI取平均。,已整理
water,river,老庄溪,大安溪流域,2025/07,RPI,環境部環境資料開放平臺：河川水質監測資料 WQX_P_01,https://data.moenv.gov.tw/dataset/detail/WQX_P_01,https://wq.moenv.gov.tw/EWQP/zh/Encyclopedia/NounDefinition/Pedia_37.aspx,2,1343;1344,協成橋;文峰橋,1343:2.25;1344:2.25,1343:7.8;1344:7.7,1343:<1.0;1344:1,1343:71.5;1344:68.5,1343:0.12;1344:0.1,2.25,RPI,輕度污染,先以各測站DO、BOD5、SS、NH3-N四項參數依環境部RPI公式計算測站RPI，再依同一溪流同月份所有有效測站RPI取平均。,已整理
water,river,老庄溪,大安溪流域,2025/08,RPI,環境部環境資料開放平臺：河川水質監測資料 WQX_P_01,https://data.moenv.gov.tw/dataset/detail/WQX_P_01,https://wq.moenv.gov.tw/EWQP/zh/Encyclopedia/NounDefinition/Pedia_37.aspx,1,1343,協成橋,1343:1.0,1343:8,1343:<1.0,1343:9.7,1343:0.06,1.0,RPI,未受或稍受污染,先以各測站DO、BOD5、SS、NH3-N四項參數依環境部RPI公式計算測站RPI，再依同一溪流同月份所有有效測站RPI取平均。,已整理
water,river,老庄溪,大安溪流域,2025/09,RPI,環境部環境資料開放平臺：河川水質監測資料 WQX_P_01,https://data.moenv.gov.tw/dataset/detail/WQX_P_01,https://wq.moenv.gov.tw/EWQP/zh/Encyclopedia/NounDefinition/Pedia_37.aspx,1,1343,協成橋,1343:1.0,1343:8.4,1343:<1.0,1343:9.5,1343:0.05,1.0,RPI,未受或稍受污染,先以各測站DO、BOD5、SS、NH3-N四項參數依環境部RPI公式計算測站RPI，再依同一溪流同月份所有有效測站RPI取平均。,已整理
water,river,老庄溪,大安溪流域,2025/10,RPI,環境部環境資料開放平臺：河川水質監測資料 WQX_P_01,https://data.moenv.gov.tw/dataset/detail/WQX_P_01,https://wq.moenv.gov.tw/EWQP/zh/Encyclopedia/NounDefinition/Pedia_37.aspx,1,1343,協成橋,1343:1.0,1343:9.6,1343:1.2,1343:6.3,1343:0.05,1.0,RPI,未受或稍受污染,先以各測站DO、BOD5、SS、NH3-N四項參數依環境部RPI公式計算測站RPI，再依同一溪流同月份所有有效測站RPI取平均。,已整理
water,river,老庄溪,大安溪流域,2025/12,RPI,環境部環境資料開放平臺：河川水質監測資料 WQX_P_01,https://data.moenv.gov.tw/dataset/detail/WQX_P_01,https://wq.moenv.gov.tw/EWQP/zh/Encyclopedia/NounDefinition/Pedia_37.aspx,1,1343,協成橋,1343:1.0,1343:9,1343:1.4,1343:2.4,1343:0.05,1.0,RPI,未受或稍受污染,先以各測站DO、BOD5、SS、NH3-N四項參數依環境部RPI公式計算測站RPI，再依同一溪流同月份所有有效測站RPI取平均。,已整理
water,river,西湖溪,西湖溪流域,2025/01,RPI,環境部環境資料開放平臺：河川水質監測資料 WQX_P_01,https://data.moenv.gov.tw/dataset/detail/WQX_P_01,https://wq.moenv.gov.tw/EWQP/zh/Encyclopedia/NounDefinition/Pedia_37.aspx,2,1103;1297,西湖橋(原名四湖橋);竹盛橋（原為竹盛大橋）,1103:1.0;1297:1.0,1103:10.4;1297:9,1103:2.5;1297:<1.0,1103:7.6;1297:2.6,1103:0.07;1297:0.15,1.0,RPI,未受或稍受污染,先以各測站DO、BOD5、SS、NH3-N四項參數依環境部RPI公式計算測站RPI，再依同一溪流同月份所有有效測站RPI取平均。,已整理
water,river,西湖溪,西湖溪流域,2025/02,RPI,環境部環境資料開放平臺：河川水質監測資料 WQX_P_01,https://data.moenv.gov.tw/dataset/detail/WQX_P_01,https://wq.moenv.gov.tw/EWQP/zh/Encyclopedia/NounDefinition/Pedia_37.aspx,2,1103;1297,西湖橋(原名四湖橋);竹盛橋（原為竹盛大橋）,1103:2.25;1297:2.25,1103:9.9;1297:8.1,1103:7.4;1297:11,1103:6;1297:2.2,1103:0.15;1297:0.2,2.25,RPI,輕度污染,先以各測站DO、BOD5、SS、NH3-N四項參數依環境部RPI公式計算測站RPI，再依同一溪流同月份所有有效測站RPI取平均。,已整理
water,river,西湖溪,西湖溪流域,2025/03,RPI,環境部環境資料開放平臺：河川水質監測資料 WQX_P_01,https://data.moenv.gov.tw/dataset/detail/WQX_P_01,https://wq.moenv.gov.tw/EWQP/zh/Encyclopedia/NounDefinition/Pedia_37.aspx,4,1101;1102;1103;1297,竹森橋（原為竹森大橋）;龍壽橋;西湖橋(原名四湖橋);竹盛橋（原為竹盛大橋）,1101:2.25;1102:1.5;1103:2.0;1297:1.0,1101:8.6;1102:8.6;1103:8.9;1297:8.3,1101:11.2;1102:2.7;1103:3.2;1297:2.6,1101:16.6;1102:22.6;1103:45.4;1297:19,1101:0.19;1102:0.2;1103:0.16;1297:0.19,1.69,RPI,未受或稍受污染,先以各測站DO、BOD5、SS、NH3-N四項參數依環境部RPI公式計算測站RPI，再依同一溪流同月份所有有效測站RPI取平均。,已整理
water,river,西湖溪,西湖溪流域,2025/04,RPI,環境部環境資料開放平臺：河川水質監測資料 WQX_P_01,https://data.moenv.gov.tw/dataset/detail/WQX_P_01,https://wq.moenv.gov.tw/EWQP/zh/Encyclopedia/NounDefinition/Pedia_37.aspx,3,1101;1103;1297,竹森橋（原為竹森大橋）;西湖橋(原名四湖橋);竹盛橋（原為竹盛大橋）,1101:1.0;1103:1.0;1297:2.25,1101:8.8;1103:10.1;1297:8.6,1101:1.7;1103:1.3;1297:6.4,1101:3.1;1103:6.6;1297:1.7,1101:0.11;1103:0.08;1297:0.06,1.42,RPI,未受或稍受污染,先以各測站DO、BOD5、SS、NH3-N四項參數依環境部RPI公式計算測站RPI，再依同一溪流同月份所有有效測站RPI取平均。,已整理
water,river,西湖溪,西湖溪流域,2025/05,RPI,環境部環境資料開放平臺：河川水質監測資料 WQX_P_01,https://data.moenv.gov.tw/dataset/detail/WQX_P_01,https://wq.moenv.gov.tw/EWQP/zh/Encyclopedia/NounDefinition/Pedia_37.aspx,4,1101;1102;1103;1297,竹森橋（原為竹森大橋）;龍壽橋;西湖橋(原名四湖橋);竹盛橋（原為竹盛大橋）,1101:1.0;1102:1.0;1103:1.0;1297:1.0,1101:8.4;1102:9.2;1103:9.1;1297:8.3,1101:1.2;1102:1.2;1103:1.2;1297:<1.0,1101:3.3;1102:2.3;1103:3.6;1297:3.8,1101:0.07;1102:0.07;1103:0.08;1297:0.04,1.0,RPI,未受或稍受污染,先以各測站DO、BOD5、SS、NH3-N四項參數依環境部RPI公式計算測站RPI，再依同一溪流同月份所有有效測站RPI取平均。,已整理
water,river,西湖溪,西湖溪流域,2025/06,RPI,環境部環境資料開放平臺：河川水質監測資料 WQX_P_01,https://data.moenv.gov.tw/dataset/detail/WQX_P_01,https://wq.moenv.gov.tw/EWQP/zh/Encyclopedia/NounDefinition/Pedia_37.aspx,4,1101;1102;1103;1297,竹森橋（原為竹森大橋）;龍壽橋;西湖橋(原名四湖橋);竹盛橋（原為竹盛大橋）,1101:1.0;1102:1.0;1103:1.0;1297:1.0,1101:8;1102:8.7;1103:8.7;1297:7.5,1101:<1.0;1102:<1.0;1103:1;1297:<1.0,1101:3.9;1102:5.2;1103:8.4;1297:9.8,1101:0.02;1102:0.02;1103:0.04;1297:0.05,1.0,RPI,未受或稍受污染,先以各測站DO、BOD5、SS、NH3-N四項參數依環境部RPI公式計算測站RPI，再依同一溪流同月份所有有效測站RPI取平均。,已整理
water,river,西湖溪,西湖溪流域,2025/07,RPI,環境部環境資料開放平臺：河川水質監測資料 WQX_P_01,https://data.moenv.gov.tw/dataset/detail/WQX_P_01,https://wq.moenv.gov.tw/EWQP/zh/Encyclopedia/NounDefinition/Pedia_37.aspx,3,1101;1103;1297,竹森橋（原為竹森大橋）;西湖橋(原名四湖橋);竹盛橋（原為竹盛大橋）,1101:1.0;1103:1.5;1297:1.0,1101:7.6;1103:7.7;1297:7.1,1101:<1.0;1103:<1.0;1297:<1.0,1101:1.2;1103:31;1297:1.1,1101:0.06;1103:0.1;1297:0.05,1.17,RPI,未受或稍受污染,先以各測站DO、BOD5、SS、NH3-N四項參數依環境部RPI公式計算測站RPI，再依同一溪流同月份所有有效測站RPI取平均。,已整理
water,river,西湖溪,西湖溪流域,2025/08,RPI,環境部環境資料開放平臺：河川水質監測資料 WQX_P_01,https://data.moenv.gov.tw/dataset/detail/WQX_P_01,https://wq.moenv.gov.tw/EWQP/zh/Encyclopedia/NounDefinition/Pedia_37.aspx,4,1101;1102;1103;1297,竹森橋（原為竹森大橋）;龍壽橋;西湖橋(原名四湖橋);竹盛橋（原為竹盛大橋）,1101:1.0;1102:1.0;1103:1.0;1297:1.0,1101:8.2;1102:8.2;1103:8.3;1297:8.1,1101:<1.0;1102:<1.0;1103:<1.0;1297:<1.0,1101:8;1102:9.4;1103:13.6;1297:11.6,1101:0.04;1102:0.05;1103:0.06;1297:0.08,1.0,RPI,未受或稍受污染,先以各測站DO、BOD5、SS、NH3-N四項參數依環境部RPI公式計算測站RPI，再依同一溪流同月份所有有效測站RPI取平均。,已整理
water,river,西湖溪,西湖溪流域,2025/09,RPI,環境部環境資料開放平臺：河川水質監測資料 WQX_P_01,https://data.moenv.gov.tw/dataset/detail/WQX_P_01,https://wq.moenv.gov.tw/EWQP/zh/Encyclopedia/NounDefinition/Pedia_37.aspx,4,1101;1102;1103;1297,竹森橋（原為竹森大橋）;龍壽橋;西湖橋(原名四湖橋);竹盛橋（原為竹盛大橋）,1101:1.0;1102:1.0;1103:1.0;1297:1.0,1101:7.9;1102:8.6;1103:9.1;1297:8.1,1101:<1.0;1102:<1.0;1103:<1.0;1297:<1.0,1101:4.1;1102:4.5;1103:5.7;1297:4.5,1101:0.01;1102:0.04;1103:0.04;1297:0.04,1.0,RPI,未受或稍受污染,先以各測站DO、BOD5、SS、NH3-N四項參數依環境部RPI公式計算測站RPI，再依同一溪流同月份所有有效測站RPI取平均。,已整理
water,river,西湖溪,西湖溪流域,2025/10,RPI,環境部環境資料開放平臺：河川水質監測資料 WQX_P_01,https://data.moenv.gov.tw/dataset/detail/WQX_P_01,https://wq.moenv.gov.tw/EWQP/zh/Encyclopedia/NounDefinition/Pedia_37.aspx,3,1102;1103;1297,龍壽橋;西湖橋(原名四湖橋);竹盛橋（原為竹盛大橋）,1102:1.0;1103:1.0;1297:1.0,1102:9.3;1103:9.3;1297:7.4,1102:<1.0;1103:<1.0;1297:<1.0,1102:2.8;1103:4.8;1297:2,1102:0.05;1103:0.06;1297:0.03,1.0,RPI,未受或稍受污染,先以各測站DO、BOD5、SS、NH3-N四項參數依環境部RPI公式計算測站RPI，再依同一溪流同月份所有有效測站RPI取平均。,已整理
water,river,西湖溪,西湖溪流域,2025/11,RPI,環境部環境資料開放平臺：河川水質監測資料 WQX_P_01,https://data.moenv.gov.tw/dataset/detail/WQX_P_01,https://wq.moenv.gov.tw/EWQP/zh/Encyclopedia/NounDefinition/Pedia_37.aspx,3,1102;1103;1297,龍壽橋;西湖橋(原名四湖橋);竹盛橋（原為竹盛大橋）,1102:1.5;1103:1.0;1297:1.5,1102:8.2;1103:8.7;1297:7.2,1102:<1.0;1103:<1.0;1297:4.5,1102:34.7;1103:18.4;1297:4.4,1102:0.04;1103:0.04;1297:0.12,1.33,RPI,未受或稍受污染,先以各測站DO、BOD5、SS、NH3-N四項參數依環境部RPI公式計算測站RPI，再依同一溪流同月份所有有效測站RPI取平均。,已整理
water,river,西湖溪,西湖溪流域,2025/12,RPI,環境部環境資料開放平臺：河川水質監測資料 WQX_P_01,https://data.moenv.gov.tw/dataset/detail/WQX_P_01,https://wq.moenv.gov.tw/EWQP/zh/Encyclopedia/NounDefinition/Pedia_37.aspx,2,1102;1103,龍壽橋;西湖橋(原名四湖橋),1102:1.0;1103:1.0,1102:9.9;1103:10.3,1102:<1.0;1103:<1.0,1102:8.1;1103:9.5,1102:0.04;1103:0.07,1.0,RPI,未受或稍受污染,先以各測站DO、BOD5、SS、NH3-N四項參數依環境部RPI公式計算測站RPI，再依同一溪流同月份所有有效測站RPI取平均。,已整理
